,Country,Social TF Programs,Wealth-ranking,Year,Life Ladder,Log GDP per capita,Social support,Healthy life expectancy at birth,Freedom to make life choices,Generosity,Perceptions of corruption,Positive affect,Negative affect,Confidence in national government,Region,Infant_deaths,Under_five_deaths,Adult_mortality,Alcohol_consumption,Hepatitis_B,Measles,BMI,Polio,Diphtheria,Incidents_HIV,GDP_per_capita,Population_mln,Thinness_ten_nineteen_years,Thinness_five_nine_years,Schooling,Economy_status_Developed,Economy_status_Developing,Life_expectancy
426,Zimbabwe,0,3,2009,4.055914402,7.788678646,0.805780947,44,0.411089182,-0.093554139,0.930817783,0.660172701,0.218418732,0.285287261,Africa,54,91.3,551.9115,2.77,73,64,23.6,69,73,7.31,941,12.53,7.5,7.4,7.2,0,1,48.4
71,Chad,0,3,2009,3.639445066,7.363704205,0.645713627,48.22000122,0.401370287,0.022082413,0.931180775,0.601492822,0.221047014,0.253101557,Africa,85.8,151.7,387.5995,0.67,24,64,21.6,32,24,0.67,659,11.56,9.6,9.5,1.8,0,1,50.3
427,Zimbabwe,0,3,2010,4.681569576,7.954751015,0.856637836,45.20000076,0.664718211,-0.108831823,0.828360796,0.699366033,0.122149915,0.47120136,Africa,52.1,86.4,509.088,3.38,90,64,23.6,89,89,6.73,1110,12.7,7.1,7,7.3,0,1,50.6
72,Chad,0,3,2010,3.742871046,7.457431316,0.733713627,48.59999847,0.504612565,0.025472684,0.857664049,0.56018573,0.287240535,0.319014966,Africa,84.1,147.7,382.1715,0.55,39,64,21.6,43,39,0.64,724,11.95,9.4,9.3,1.9,0,1,50.9
73,Chad,0,3,2011,4.393482208,7.424624443,0.81884402,48.97999954,0.540267944,0.031195123,0.876383662,0.578596532,0.289146483,0.394194484,Africa,82.3,143.7,376.7435,0.6,33,64,21.7,40,33,0.56,701,12.36,9.2,9.1,2,0,1,51.4
74,Chad,0,3,2012,4.03297472,7.476016521,0.672866464,49.36000061,0.562908113,-0.033492982,0.884475827,0.498229086,0.315747142,0.30277133,Africa,80.6,139.8,371.3155,0.63,40,64,21.7,51,40,0.54,738,12.78,9,8.9,2.1,0,1,51.9
75,Chad,0,3,2013,3.507663012,7.49794054,0.714144647,49.74000168,0.48821035,-0.044931889,0.881972373,0.437320441,0.314174235,0.309654564,Africa,78.9,135.9,368.599,0.65,39,64,21.8,46,39,0.48,754,13.22,8.8,8.7,2.1,0,1,52.4
428,Zimbabwe,0,3,2011,4.845641613,8.072114944,0.864693522,46.40000153,0.632977962,-0.104004815,0.829800427,0.699490964,0.210543975,0.425926328,Africa,50.8,80.8,466.265,3.91,94,64,23.7,93,93,6.05,1249,12.89,6.8,6.7,7.3,0,1,52.9
61,Cameroon,1,3,2009,4.741408348,8.077125549,0.728693902,49.15999985,0.698030412,-0.020263994,0.925447285,0.59187758,0.249821514,0.366200924,Africa,71.1,114.3,365.4865,5.72,80,64,23.9,79,80,2.13,1247,19.79,6.3,6.3,5.2,0,1,54.6
241,Mali,1,3,2009,3.976598501,7.621356964,0.732557058,50.95999908,0.633815944,0.008744554,0.819207728,0.728791058,0.149751499,0.479649901,Africa,78.8,135.1,287.6995,0.57,71,64,22.5,77,73,0.56,717,14.58,9,8.8,1.9,0,1,54.8
429,Zimbabwe,0,3,2012,4.955100536,8.209274292,0.896476209,47.59999847,0.469531178,-0.118763082,0.8586905,0.613298178,0.17731078,0.407083839,Africa,46.5,72.2,423.442,3.93,97,64,23.7,95,95,5.13,1432,13.12,6.5,6.4,7.9,0,1,55
62,Cameroon,1,3,2010,4.554256916,8.078226089,0.758640707,49.59999847,0.792220175,-0.000821863,0.874718666,0.593696296,0.273786336,0.513922989,Africa,68.6,110.1,362.5215,5.88,84,64,24,83,84,1.87,1248,20.34,6.1,6.2,5.3,0,1,55.1
242,Mali,1,3,2010,3.762305021,7.641546249,0.750922263,51.29999924,0.749049723,-0.027528271,0.810591161,0.7642169,0.16166617,0.706663907,Africa,76.7,130.3,285.833,0.6,72,64,22.6,77,73,0.52,732,15.05,8.8,8.5,2,0,1,55.3
63,Cameroon,1,3,2011,4.433885098,8.084054947,0.737992823,50.04000092,0.816693783,-0.03149984,0.869615674,0.607725799,0.271676332,0.645140469,Africa,66.6,105.8,359.557,5.9,82,64,24,80,82,1.73,1255,20.91,6,6,5.5,0,1,55.6
243,Mali,1,3,2011,4.666832924,7.642725945,0.795505047,51.63999939,0.822847605,-0.10040015,0.726062477,0.751705825,0.13182123,0.707489848,Africa,74.6,125.6,283.9665,0.62,66,64,22.6,72,66,0.46,732,15.51,8.5,8.3,2,0,1,55.7
64,Cameroon,1,3,2012,4.244634151,8.101963997,0.74283731,50.47999954,0.766064227,-0.034745246,0.898028791,0.616639733,0.284447879,0.533314586,Africa,64.2,101.3,356.5925,6.42,85,64,24.1,85,85,1.55,1278,21.49,5.9,5.9,5.7,0,1,56.1
244,Mali,1,3,2012,4.313016891,7.604798317,0.823435068,51.97999954,0.704219282,-0.087891899,0.786719501,0.647199988,0.109447502,0.486437917,Africa,72.6,121,282.1,0.61,66,64,22.7,65,66,0.42,705,15.98,8.3,8.1,2.1,0,1,56.1
386,Uganda,1,3,2009,4.611985683,7.512592793,0.852087021,51.25999832,0.760231495,-0.037424661,0.840422809,0.594162881,0.296115577,0.479615837,Africa,52.1,81.5,369.69,11.1,79,64,21.9,78,79,3.29,750,31.41,6.1,6.1,5.2,0,1,56.1
346,South Africa,1,2,2009,5.218430996,9.503808975,0.87735945,48.70000076,0.739409983,-0.161607936,0.904342353,0.655523777,0.230895981,0.522421479,Africa,38.4,60.3,473.875,7.25,74,63,26.9,75,76,10.13,5992,50.48,8.1,9.8,10.1,0,1,56.5
281,Niger,0,3,2009,4.267169952,6.899418831,0.771265149,51.45999908,0.880042136,-0.00760808,0.483152986,0.714190245,0.115248479,0.584044814,Africa,64.8,130.3,270.291,0.1,71,64,21.5,71,71,0.12,424,15.84,11,1.8,1.4,0,1,56.6
65,Cameroon,1,3,2013,4.271038055,8.123529434,0.760194361,50.91999817,0.794075966,-0.032713655,0.867257416,0.639725685,0.268199235,0.607353866,Africa,61.6,96.7,351.1035,6.56,89,64,24.2,88,89,1.31,1306,22.08,5.8,5.8,5.9,0,1,56.6
245,Mali,1,3,2013,3.676277161,7.598479271,0.81969142,52.31999969,0.664711058,-0.052895203,0.754807353,0.716894388,0.192900717,0.604514003,Africa,70.6,116.6,277.2635,0.58,69,64,22.8,57,69,0.44,701,16.45,8.1,7.9,2.2,0,1,56.6
430,Zimbabwe,0,3,2013,4.690187931,8.211196899,0.799273849,48.79999924,0.575884283,-0.120360069,0.830936551,0.623596251,0.182287797,0.527755439,Africa,44.8,66.3,405.008,4.11,95,64,23.7,95,95,4.77,1435,13.35,6.2,6,8,0,1,56.9
387,Uganda,1,3,2010,4.192882061,7.535571098,0.830155492,52.09999847,0.800667286,-0.014716002,0.854991913,0.627986968,0.251241982,0.662705898,Africa,49.5,76.3,355.2225,8.55,80,64,22,79,80,3.12,768,32.43,6,6,5.7,0,1,57.1
282,Niger,0,3,2010,4.101016045,6.943277359,0.654964983,51.90000153,0.817219734,-0.02218822,0.528980315,0.71503073,0.125837803,0.779490769,Africa,61.9,121.9,267.262,0.11,70,64,21.5,75,70,0.08,443,16.46,1.7,1.6,1.4,0,1,57.3
347,South Africa,1,2,2010,4.652428627,9.519201279,0.917056024,49.59999847,0.738905966,-0.209991843,0.79062891,0.698225856,0.123753376,0.593964458,Africa,34.4,52,449.3985,7.07,71,55,26.9,72,72,9.52,6085,51.22,7.3,8.9,10,0,1,57.7
371,Tanzania,1,3,2009,3.407507896,7.572009563,0.836828411,52.74000168,0.606549144,0.308808595,0.902627051,0.733148217,0.160527438,0.680313766,Africa,48.7,75.4,331.2625,6.26,85,64,22.7,88,85,2.59,782,43.07,7.2,7.2,5,0,1,57.7
283,Niger,0,3,2011,4.555829525,6.927817345,0.817660689,52.34000015,0.779515266,-0.054488208,0.549093366,0.709998012,0.166154444,0.7923069,Africa,59.3,114.5,264.2335,0.13,75,64,21.6,40,75,0.08,437,17.11,1.5,1.3,1.5,0,1,58.1
388,Uganda,1,3,2011,4.826001167,7.593511105,0.881751359,52.93999863,0.732973993,0.031412538,0.830123901,0.618214846,0.25448221,0.52145654,Africa,47,71.6,340.7545,8.79,82,64,22,79,82,2.89,814,33.48,5.9,5.9,5.4,0,1,58.1
372,Tanzania,1,3,2010,3.229129076,7.604382038,0.812531769,53.40000153,0.597121656,0.139381424,0.866263866,0.666602314,0.146118715,0.640798569,Africa,47.1,71.9,316.531,6.95,91,64,22.8,94,91,2.48,808,44.35,7.1,7.1,5.1,0,1,58.6
284,Niger,0,3,2012,3.798088312,6.989118099,0.700107574,52.77999878,0.734430909,-0.062656403,0.777340889,0.582121611,0.141553044,0.534528375,Africa,57,108.2,261.2055,0.15,71,64,21.6,71,71,0.07,464,17.8,1.3,1.1,1.6,0,1,58.8
348,South Africa,1,2,2011,4.930511475,9.535149574,0.857703149,50.5,0.835448027,-0.161942363,0.819181919,0.720048368,0.230213523,0.627495944,Africa,32.1,45.6,424.9215,7.17,76,54,27,71,69,9.01,6183,52,6.6,8,9.9,0,1,58.9
389,Uganda,1,3,2012,4.309237957,7.599359989,0.884721696,53.77999878,0.649463236,0.081028603,0.837545872,0.708792746,0.265322387,0.396223307,Africa,44.3,66.7,326.2865,8.79,78,64,22.1,79,78,2.62,818,34.56,5.8,5.8,5.3,0,1,59
285,Niger,0,3,2013,3.716329813,7.001832008,0.695813596,53.22000122,0.825387061,-0.076423906,0.710963428,0.639400542,0.208130196,0.641753078,Africa,55,102.7,257.1655,0.09,67,64,21.7,62,67,0.07,470,18.5,1,9.9,1.7,0,1,59.5
373,Tanzania,1,3,2011,4.073562145,7.648871422,0.882530153,54.06000137,0.73603034,-0.045770295,0.81637615,0.719679892,0.145141155,0.564787149,Africa,45.5,68.4,301.7985,7.09,90,64,22.9,88,90,2.4,845,45.67,7,6.9,5.1,0,1,59.5
211,Kenya,1,3,2009,4.270434856,8.163379669,0.789220333,52.97999954,0.583594739,0.091970138,0.912946522,0.678682506,0.182591587,0.241316408,Africa,40.4,59.9,302.9805,1.17,88,28,22.8,89,88,2.21,1261,40.9,8.2,8.1,6.1,0,1,59.9
390,Uganda,1,3,2013,3.709578753,7.602262974,0.878275216,54.61999893,0.76302135,0.052618086,0.820480824,0.646537483,0.34635675,0.577862203,Africa,42.4,62.3,321.4315,8.12,78,64,22.2,78,78,2.45,821,35.69,5.7,5.7,5.4,0,1,59.9
349,South Africa,1,2,2012,5.133887768,9.543016434,0.906595111,51.40000153,0.590144992,-0.170741677,0.838216782,0.71075809,0.178183243,0.425877452,Africa,31,41.5,400.445,7.22,68,53,27.1,69,65,8.52,6232,52.83,6,7.3,9.8,0,1,60.1
1,Afghanistan,0,3,2009,4.401778221,7.472446442,0.55230844,50.79999924,0.678896368,0.195469126,0.850035429,0.481421441,0.23709242,0.611545205,Asia,66.7,91.7,254.9705,0.01,63,24,22.6,63,63,0.02,473,28.39,18.6,18.7,3.1,0,1,60.5
374,Tanzania,1,3,2012,4.006897449,7.66318655,0.832056403,54.72000122,0.577453315,0.213656202,0.886997938,0.641209841,0.195307106,0.414645106,Africa,44,65.3,287.067,6.22,92,64,22.9,90,92,2.32,857,47.05,6.9,6.8,5.5,0,1,60.5
141,Ghana,2,3,2009,4.197695732,8.199045181,0.633197725,53.86000061,0.75747776,0.003233396,0.889738321,0.713851511,0.197590128,0.681955636,Africa,48.8,72.3,261.2595,1.26,94,55,23.5,94,94,1.06,1348,24.17,7.3,7.2,6.7,0,1,60.6
2,Afghanistan,0,3,2010,4.75838089,7.579182625,0.539075196,51.09999847,0.60012722,0.125859469,0.706766069,0.516906679,0.275323808,0.299357414,Asia,64.2,87.8,250.135,0.02,66,29,22.7,66,66,0.02,526,29.19,18.4,18.4,3.2,0,1,61
212,Kenya,1,3,2010,4.255859375,8.213656425,0.805326462,53.5,0.635457218,0.011133602,0.917921245,0.758244038,0.12320178,0.343885571,Africa,39.3,57.4,281.6775,1.52,90,28,22.8,90,90,2.04,1326,42.03,8.2,8,6.1,0,1,61
142,Ghana,2,3,2010,4.606251717,8.250206947,0.73855865,54.29999924,0.891129911,0.071665198,0.874849141,0.693436503,0.184128717,0.747062862,Africa,47,69.1,259.173,1.6,94,55,23.6,94,94,1,1419,24.78,7.1,7,6.7,0,1,61
350,South Africa,1,2,2013,3.660727262,9.551523209,0.839424491,52.29999924,0.714169025,-0.084694207,0.799543023,0.740163863,0.166549087,0.510355353,Africa,30.1,39.3,384.094,7.21,73,50,27.1,79,73,7.97,6285,53.69,5.4,6.5,9.9,0,1,61.1
375,Tanzania,1,3,2013,3.852394819,7.698914051,0.803418577,55.38000107,0.654182136,0.054775681,0.859005868,0.707001388,0.19128789,0.518418312,Africa,43,62.7,271.267,6.71,91,64,23,91,91,2.19,888,48.48,6.8,6.7,5.5,0,1,61.4
143,Ghana,2,3,2011,5.608199596,8.357404709,0.724297225,54.74000168,0.851896167,0.008451401,0.790444314,0.657618284,0.209212631,0.683400929,Africa,45.2,65.9,257.0865,1.67,91,58,23.7,91,91,0.93,1580,25.39,6.9,6.8,6.8,0,1,61.4
3,Afghanistan,0,3,2011,3.83171916,7.552006245,0.521103561,51.40000153,0.495901406,0.167722777,0.731108546,0.479834676,0.267174691,0.307385713,Asia,61.8,84,245.3,0.01,68,31,22.8,68,68,0.02,512,30.12,18.2,18.2,3.3,0,1,61.6
144,Ghana,2,3,2012,5.057261944,8.422570229,0.68511188,55.18000031,0.679418445,0.037784208,0.897836149,0.709003925,0.152376384,0.576750815,Africa,43.4,62.7,255,1.72,92,52,23.7,91,92,0.88,1686,26,6.7,6.6,6.8,0,1,61.7
213,Kenya,1,3,2011,4.405310154,8.236661911,0.846307576,54.02000046,0.708659172,0.014951093,0.922664165,0.70551306,0.227972493,0.458982378,Africa,38.5,55.5,260.375,1.47,96,28,22.9,97,96,1.8,1357,43.18,8.1,7.9,6.2,0,1,61.9
4,Afghanistan,0,3,2012,3.782937527,7.637953281,0.520636737,51.70000076,0.530935049,0.241247073,0.775619805,0.613512814,0.267919123,0.435440153,Asia,59.5,80.3,240.464,0.01,67,33,22.9,67,67,0.03,558,31.16,17.9,18,3.4,0,1,62.1
145,Ghana,2,3,2013,4.965053082,8.469906807,0.676289201,55.61999893,0.793793738,-0.067691118,0.880178452,0.660169482,0.210818723,0.485888302,Africa,41.8,59.8,251.5445,1.78,90,54,23.8,91,90,0.88,1768,26.61,6.6,6.4,6.9,0,1,62.1
251,Mauritania,1,3,2009,4.500431538,8.452671051,0.819333792,57.09999847,0.735071182,0.040320076,0.848293781,0.717251658,0.169828594,0.37321496,Africa,62.5,98.4,214,0.004,64,64,24.5,63,64,0.21,1422,3.39,8.9,8.7,3.7,0,1,62.3
5,Afghanistan,0,3,2013,3.572100401,7.657502651,0.48355186,52,0.577955365,0.066343978,0.8232041,0.547416985,0.273328096,0.482847273,Asia,57.3,76.9,236.221,0.01,64,38,23,64,64,0.03,569,32.27,17.7,17.7,3.5,0,1,62.5
252,Mauritania,1,3,2010,4.772306919,8.449266434,0.856507838,57.40000153,0.66893059,0.056135543,0.72736448,0.73715651,0.128675625,0.493744522,Africa,61.2,95.6,212,0,64,64,24.6,52,64,0.19,1417,3.49,8.7,8.5,3.8,0,1,62.5
214,Kenya,1,3,2012,4.547335148,8.254707336,0.83141011,54.54000092,0.627654195,0.058863558,0.911273062,0.667211711,0.19417724,0.40184477,Africa,38.2,54.1,239.072,1.49,94,28,23,94,94,1.69,1382,44.34,8,7.8,6.2,0,1,62.7
253,Mauritania,1,3,2011,4.784804344,8.460693359,0.750276566,57.70000076,0.566920221,0.052993953,0.746937871,0.729369521,0.174862579,0.42903164,Africa,60,93,210,0,75,64,24.6,73,75,0.18,1433,3.6,8.5,8.3,3.9,0,1,62.8
254,Mauritania,1,3,2012,4.673203945,8.474878311,0.763332725,58,0.487372756,-0.020163706,0.707005799,0.74946624,0.163681492,0.383974999,Africa,58.8,90.5,208,0,80,64,24.7,80,80,0.17,1454,3.71,8.3,8.1,4,0,1,63.1
215,Kenya,1,3,2013,3.795383215,8.265796661,0.824806035,55.06000137,0.708332241,0.206916451,0.861003399,0.728745103,0.161331311,0.60929203,Africa,37.4,52.3,233.9175,1.53,93,28,23.1,94,87,1.54,1397,45.52,7.9,7.7,6.3,0,1,63.4
255,Mauritania,1,3,2013,4.199015141,8.486056328,0.741155803,58.29999924,0.60280025,-0.077608734,0.675553739,0.742709339,0.195690349,0.454325795,Africa,57.5,87.7,206.528,0,80,64,24.8,80,80,0.16,1470,3.82,8.1,7.9,4.1,0,1,63.4
331,Senegal,0,3,2009,4.335114002,7.930426598,0.810355306,56.40000153,0.556838155,-0.037648786,0.918035448,0.708374262,0.227579623,0.261134237,Africa,44.1,69.8,217.6005,0.31,86,33,22.7,83,86,0.22,1143,12.34,1.6,1.5,2.4,0,1,63.6
332,Senegal,0,3,2010,4.372156143,7.936342239,0.76029408,56.70000076,0.777262628,-0.078549474,0.850534856,0.669947743,0.142737702,0.285449982,Africa,42.4,65.7,211.9,0.18,89,33,22.7,76,89,0.19,1150,12.68,1.4,1.3,2.4,0,1,64.3
333,Senegal,0,3,2011,3.834201574,7.921926975,0.602409363,57,0.6408903,-0.161634251,0.869893968,0.696441174,0.180026993,0.304639816,Africa,40.7,62.1,206.2,0.21,92,33,22.8,89,92,0.16,1133,13.03,1.2,1.1,2.4,0,1,64.9
291,Pakistan,1,3,2009,5.208146572,8.27652359,0.521746695,54.24000168,0.387697667,0.076895013,0.873649061,0.515629292,0.348705649,0.355925977,Asia,71.5,89.1,172.1295,0.035,78,30,23.3,52,71,0.13,1246,175.53,2.5,2.9,4.5,0,1,65
292,Pakistan,1,3,2010,5.786132813,8.270492554,0.571315944,54.5,0.364205927,0.300178647,0.8516559,0.52664572,0.371941417,0.30821377,Asia,70.1,87.1,169.1665,0.04,82,34,23.4,52,82,0.13,1239,179.42,2.2,2.7,4.7,0,1,65.3
334,Senegal,0,3,2012,3.668736935,7.933320522,0.711077392,57.29999924,0.668252289,-0.036015432,0.851879895,0.721606612,0.213602841,0.645107508,Africa,39.2,58.7,200.5,0.19,91,33,22.8,83,91,0.14,1146,13.4,1,9.9,2.6,0,1,65.4
293,Pakistan,1,3,2011,5.267186165,8.276018143,0.509884119,54.75999832,0.375822634,0.029472155,0.857177615,0.472562015,0.357800812,0.275174707,Asia,68.6,85,166.204,0.04,74,38,23.5,63,74,0.13,1246,183.34,2,2.4,4.8,0,1,65.6
294,Pakistan,1,3,2012,5.131565094,8.289225578,0.542038023,55.02000046,0.366844118,0.16466324,0.842024505,0.51005733,0.332447737,0.228680417,Asia,67,82.8,163.241,0.03,72,42,23.6,64,72,0.13,1262,187.28,19.8,2.2,4.8,0,1,65.8
335,Senegal,0,3,2013,3.647367001,7.929166794,0.822957873,57.59999847,0.635539532,-0.052006315,0.836612225,0.694229305,0.165078521,0.614916325,Africa,37.6,55.4,197.0095,0.19,92,33,22.9,89,92,0.12,1141,13.78,9.9,9.7,2.8,0,1,65.9
56,Cambodia,1,3,2009,4.110625744,7.864644051,0.818258047,58.65999985,0.937233329,0.152675226,0.96477896,0.691364467,0.187686995,0.902666688,Asia,40.2,47.5,198.62,1.42,92,47,21.5,95,94,0.19,855,14.09,11.1,11.4,3.7,0,1,66
295,Pakistan,1,3,2013,5.138082504,8.311218262,0.607087076,55.27999878,0.447909594,0.099312656,0.791835248,0.474416286,0.273709893,0.260006875,Asia,65.4,80.6,162.208,0.03,72,43,23.7,65,72,0.13,1290,191.26,19.6,2,4.9,0,1,66.1
166,India,2,3,2009,4.521517754,8.283079147,0.652852058,56.93999863,0.678643644,-0.02627177,0.894611061,0.638585687,0.300621331,0.698452473,Asia,47.2,61.4,194.7545,2.46,37,34,21.3,73,74,0.11,1162,1217.73,27,27.8,5.3,0,1,66.2
57,Cambodia,1,3,2010,4.141072273,7.907173157,0.69716382,59,0.940131187,0.350007176,0.895714462,0.66197139,0.421966344,0.895580769,Asia,37.3,43.8,194.613,2.16,89,48,21.6,90,89,0.16,892,14.31,11,11.3,4.4,0,1,66.6
167,India,2,3,2010,4.989277363,8.351133347,0.604809761,57.29999924,0.783060372,0.057497002,0.862548053,0.579225481,0.266502023,0.667365491,Asia,45.1,58.2,191.5935,2.73,38,38,21.4,76,79,0.1,1244,1234.28,27,27.8,5.4,0,1,66.7
58,Cambodia,1,3,2011,4.161225319,7.959593296,0.715518951,59.34000015,0.927462399,0.418592066,0.775355637,0.637012541,0.307868689,0.901219606,Asia,34.6,40.5,190.6065,2.4,88,52,21.7,91,88,0.13,940,14.54,11,11.2,4.4,0,1,67
168,India,2,3,2011,4.634871483,8.389334679,0.552593112,57.65999985,0.837551653,-0.038207788,0.907793522,0.479759604,0.231594488,0.580353677,Asia,43,55,188.4325,2.95,44,27,21.4,79,82,0.09,1293,1250.29,26.9,27.7,5.4,0,1,67.1
271,Nepal,1,3,2009,4.91686821,7.860043049,0.813067853,59.84000015,0.616153777,0.033983059,0.949701965,0.484039843,0.215433761,0.415181667,Asia,38.3,48.3,181.972,0.22,89,65,21.7,93,89,0.17,700,26.88,16.9,17.4,3.2,0,1,67.2
41,Bolivia,1,2,2009,6.085579395,8.772760391,0.831319928,61.5,0.778938591,-0.036766574,0.762604535,0.742098808,0.372369289,0.468150496,South America,34.8,44.1,204.4305,3.64,93,83,25.7,92,93,0.18,2455,9.88,1.2,1.1,7.9,0,1,67.5
59,Cambodia,1,3,2012,3.898706913,8.013871193,0.605528593,59.68000031,0.955595791,0.246767148,0.890136123,0.713434279,0.351858586,0.82517308,Asia,32.3,37.7,186.6,2.52,86,41,21.8,90,86,0.12,993,14.78,11,11.2,4.5,0,1,67.5
169,India,2,3,2012,4.720146656,8.430147171,0.510574579,58.02000046,0.609320104,0.066842526,0.829614758,0.543506503,0.294841021,0.539206505,Asia,40.9,52,185.272,3.04,73,36,21.5,79,82,0.08,1347,1265.78,26.9,27.6,5.6,0,1,67.5
272,Nepal,1,3,2010,4.349675179,7.902270794,0.779038072,59.90000153,0.519062638,0.081981964,0.910801888,0.538355172,0.225972995,0.45481205,Asia,36.6,45.9,177.189,0.23,82,65,21.8,83,82,0.17,730,27.01,16.7,17.2,3.3,0,1,67.6
60,Cambodia,1,3,2013,3.674466848,8.068359375,0.650589585,60.02000046,0.940592945,0.163838625,0.811991632,0.669755757,0.44031167,0.775055826,Asia,30.3,35.3,182.9515,2.8,83,52,21.9,71,83,0.11,1048,15.03,11,11.1,4.6,0,1,67.9
170,India,2,3,2013,4.427788734,8.480222702,0.552826345,58.38000107,0.740176618,0.083723851,0.832356334,0.608282983,0.330437362,0.532654881,Asia,38.8,49,182.8295,3.03,70,51,21.6,82,83,0.08,1416,1280.84,26.8,27.5,5.8,0,1,67.9
42,Bolivia,1,2,2010,5.780620098,8.796762466,0.80718559,61.70000076,0.703341067,-0.06916032,0.781342506,0.720217526,0.349597335,0.376929045,South America,33,41.6,200.5385,3.37,91,83,25.8,90,91,0.17,2514,10.05,1.2,1.1,7.8,0,1,68
273,Nepal,1,3,2011,3.809444666,7.934880257,0.740979373,59.95999908,0.524797678,-0.01938219,0.934563756,0.530136704,0.207358956,0.328487307,Asia,35,43.6,172.406,0.25,92,65,21.9,92,92,0.17,754,27.04,16.5,16.9,3.3,0,1,68
176,Iraq,1,2,2009,4.775316715,9.023305893,0.861746132,60.91999817,0.431467623,-0.196546704,0.854340255,0.504469514,0.403819829,0.492969662,Middle East,29.5,36,179.8285,0.2,75,87,27.9,78,78,0.13,3909,28.97,5.4,5.1,6.3,0,1,68.3
206,Kazakhstan,0,2,2009,5.382563114,9.884036064,0.892997801,59.79999924,0.856448293,-0.251189083,0.844568431,0.594705462,0.128599972,0.711023688,Asia,20,22.5,247.1405,3.16,99,99,26,99,98,0.11,8488,16.09,2.3,2.5,11.5,0,1,68.4
274,Nepal,1,3,2012,4.233244896,7.980235577,0.733602345,60.02000046,0.637778401,0.060780957,0.88349402,0.53831917,0.231070802,0.439799935,Asia,33.5,41.5,167.6235,0.26,90,65,22,90,90,0.17,791,26.99,16.3,16.7,4,0,1,68.4
366,Tajikistan,1,3,2009,4.575174809,7.73792696,0.67565304,60.79999924,0.743786514,-0.003029752,0.791703999,0.474870116,0.203190178,0.834126532,Asia,38.1,44.3,146.4255,0.66,93,93,25.1,93,93,0.17,752,7.36,3.7,3.8,10.9,0,1,68.4
207,Kazakhstan,0,2,2010,5.514286518,9.940361977,0.90378648,60.40000153,0.784851849,-0.216870248,0.82270366,0.655472875,0.148950696,0.706021845,Asia,18.2,20.4,236.9465,3.94,99,99,26,98,99,0.11,8979,16.32,2.3,2.5,11.4,0,1,68.5
43,Bolivia,1,2,2011,5.778874397,8.831271172,0.816782832,61.90000153,0.781673729,-0.039928298,0.824854314,0.688715518,0.361485541,0.334731668,South America,31.2,39.2,196.6465,3.3,95,83,26,95,95,0.18,2603,10.21,1.2,1.1,8,0,1,68.5
177,Iraq,1,2,2010,5.065462112,9.059176445,0.854117811,60.90000153,0.419064105,-0.121787421,0.858734667,0.496702403,0.430934399,0.340983748,Middle East,28.7,34.9,175.9375,0.16,72,77,28,74,74,0.13,4052,29.74,5.3,5.1,6.4,0,1,68.6
208,Kazakhstan,0,2,2011,5.735662937,9.997436523,0.904971361,61,0.877888083,-0.23721464,0.801724195,0.622470558,0.154433981,0.716494739,Asia,16.4,18.3,226.753,3.41,99,99,26.1,99,99,0.12,9507,16.56,2.3,2.5,11.5,0,1,68.7
367,Tajikistan,1,3,2010,4.380636215,7.77905798,0.759163022,60.90000153,0.78449589,0.058086708,0.678527772,0.482640594,0.191733032,0.909929097,Asia,36.9,42.7,143.711,0.68,93,95,25.2,95,93,0.23,783,7.53,3.7,3.8,10.9,0,1,68.7
178,Iraq,1,2,2011,4.725366116,9.099401474,0.750748634,60.88000107,0.347414047,-0.066762261,0.780027211,0.473191261,0.557098687,0.366801709,Middle East,27.9,33.8,172.0465,0.18,77,77,28.1,82,79,0.13,4218,30.73,5.3,5.1,6.6,0,1,68.8
275,Nepal,1,3,2013,4.604576588,8.017564774,0.740098953,60.08000183,0.72226578,0.141458467,0.877340496,0.495773941,0.279263556,0.453570306,Asia,32,39.4,163.2835,0.28,92,65,22.1,92,92,0.17,821,26.92,16.1,16.5,4.2,0,1,68.8
171,Indonesia,1,2,2009,5.472361088,8.975410461,0.779368043,60.97999954,0.783792853,0.189910948,0.910941303,0.767534971,0.192703858,0.811119676,Asia,29,35.2,185.497,0.074,82,67,22.4,85,78,0.21,2595,238.62,1.7,1.6,7.4,0,1,68.9
44,Bolivia,1,2,2012,6.018894672,8.865224838,0.780819416,62.09999847,0.86237967,-0.015616392,0.839701414,0.699352384,0.408880144,0.435292631,South America,29.6,37,192.7545,3.24,93,83,26.1,93,93,0.17,2693,10.38,1.2,1.1,8.3,0,1,69
179,Iraq,1,2,2012,4.659508705,9.192666054,0.730118215,60.86000061,0.314564615,-0.017498892,0.78919065,0.410450041,0.44905889,0.339846313,Middle East,27.1,32.8,168.1555,0.17,61,68,28.3,73,69,0.13,4631,31.89,5.3,5.1,6.6,0,1,69.1
261,Moldova,1,2,2009,5.554374218,8.984114647,0.855883062,60.61999893,0.550858617,-0.099540114,0.925061643,0.538923979,0.306487501,0.235415936,Rest of Europe,15,17.4,207.4875,6.24,89,92,26.6,87,85,0.43,2103,2.86,2.9,3.1,11,0,1,69.1
368,Tajikistan,1,3,2011,4.262671471,7.828100681,0.750738382,61,0.776179969,-0.12265639,0.67219919,0.573455215,0.165632233,0.890875399,Asia,35.8,41.4,140.997,0.71,96,96,25.4,97,96,0.17,823,7.7,3.7,3.7,10.8,0,1,69.1
391,Ukraine,0,2,2009,5.1656394,9.332415581,0.845293224,61.88000107,0.460348487,-0.242595628,0.962244451,0.544606388,0.189013854,0.086690761,Rest of Europe,10.6,12.3,230.8795,8.97,66,68,26.2,74,71,0.3,2215,46.05,2.5,2.6,11.3,0,1,69.2
172,Indonesia,1,2,2010,5.457299232,9.022411346,0.816021502,61.20000076,0.699657559,0.446611434,0.954049587,0.71695751,0.217907995,0.64145273,Asia,27.9,33.8,184.039,0.08,83,74,22.5,82,81,0.21,2720,241.83,1.6,1.5,7.4,0,1,69.2
369,Tajikistan,1,3,2012,4.496571541,7.877645493,0.728590906,61.09999847,0.749034524,-0.076575212,0.717097759,0.583021522,0.19819133,0.921518028,Asia,35,40.3,138.2825,0.77,94,97,25.5,96,94,0.14,865,7.87,3.6,3.7,10.7,0,1,69.3
180,Iraq,1,2,2013,4.725017071,9.227218628,0.728285432,60.84000015,,-0.047179665,0.709726155,,0.554278731,0.500669956,Middle East,26.3,31.7,166.4095,0.16,66,57,28.4,75,68,0.13,4794,33.16,5.3,5.1,6.6,0,1,69.4
416,Uzbekistan,0,3,2009,5.26072073,8.462946892,0.904677987,62.06000137,,0.008255917,0.610257804,0.646040261,0.158656552,,Asia,27.5,31.3,162.9475,1.7,98,84,25.9,99,98,0.14,2038,27.77,3.1,3.1,10.5,0,1,69.4
209,Kazakhstan,0,2,2012,5.759469509,10.03023338,0.891716659,61.59999847,0.839832306,-0.172911584,0.876681805,0.666791737,0.1843815,0.726160645,Asia,14.6,16.3,216.56,3.73,95,97,26.1,98,99,0.13,9824,16.79,2.4,2.5,11.5,0,1,69.5
45,Bolivia,1,2,2013,5.767428875,8.915229797,0.80273807,62.29999924,0.845931649,-0.06764055,0.811856568,0.721060872,0.410301536,0.433674455,South America,28,34.9,190.0095,3.21,94,83,26.2,95,94,0.16,2831,10.54,1.2,1.1,8.4,0,1,69.5
173,Indonesia,1,2,2011,5.172608376,9.068800926,0.82497704,61.41999817,0.878287196,0.436993897,0.962294877,0.747676671,0.273416042,0.739044189,Asia,26.9,32.5,182.5805,0.08,81,76,22.6,81,81,0.2,2849,245.12,1.6,1.5,7.6,0,1,69.5
31,Bangladesh,1,3,2009,5.08285141,7.923775673,0.527813554,60.68000031,0.630931079,-0.074387789,0.776003957,0.505846858,0.223253846,0.829859614,Asia,40.7,51.8,143.4765,0.003,97,59,21,97,97,0.01,932,145.92,19.1,19.7,4.8,0,1,69.5
262,Moldova,1,2,2010,5.589736462,9.053706169,0.847094715,61,0.598484814,-0.089281224,0.929309428,0.564043164,0.277520359,0.270747125,Rest of Europe,14.7,17.1,197.1175,6.92,98,92,26.6,97,90,0.42,2255,2.86,2.8,3,11.1,0,1,69.6
370,Tajikistan,1,3,2013,4.966521263,7.925821304,0.700642824,61.20000076,0.693119764,0.059513111,0.76423651,0.578209102,0.169620931,0.892602265,Asia,34.2,39.4,137.093,0.8,96,92,25.6,97,96,0.12,907,8.06,3.6,3.7,10.7,0,1,69.6
311,Philippines,1,2,2009,4.879910946,8.631697655,0.775170922,61.54000092,0.87360549,0.003180879,0.804578125,0.791430533,0.311330199,0.598850965,Asia,25,32.1,207.4785,4.34,85,19,22.7,87,87,0.04,2305,92.41,1,9.7,9,0,1,69.7
417,Uzbekistan,0,3,2010,5.095342159,8.507943153,0.903226435,62.29999924,,-0.035007056,0.51872021,0.664852977,0.151882708,,Asia,25.4,28.7,157.8785,1.74,99,54,26,99,99,0.14,2131,28.56,3,3.1,10.7,0,1,69.7
312,Philippines,1,2,2010,4.941514015,8.685816765,0.804861128,61.59999847,0.893350542,0.032479588,0.812448382,0.828575552,0.293918312,0.554057181,Asia,24.8,31.7,206.525,4.73,77,10,22.7,88,79,0.05,2433,93.97,1,9.7,8.9,0,1,69.8
174,Indonesia,1,2,2012,5.36777401,9.113837242,0.833621144,61.63999939,0.770319343,0.353094935,0.96158886,0.763571858,0.228979602,0.672580957,Asia,25.9,31.2,181.1225,0.08,83,78,22.7,87,83,0.2,2981,248.45,1.5,1.4,7.6,0,1,69.9
418,Uzbekistan,0,3,2011,5.738744259,8.553657532,0.924071252,62.54000092,0.934132695,0.037294738,0.52186209,0.662584543,0.122773238,,Asia,23.4,26.4,152.8095,1.73,99,99,26.2,99,99,0.14,2231,29.34,3,3.1,10.9,0,1,69.9
32,Bangladesh,1,3,2010,4.858481407,7.966748714,0.549398482,61.20000076,0.659005642,-0.016109159,0.773530483,0.495740086,0.292425215,0.646872878,Asia,38.9,49.1,141.3945,0,94,65,21.1,94,94,0.01,973,147.58,18.9,19.4,4.9,0,1,69.9
313,Philippines,1,2,2011,4.993956566,8.706755638,0.788763285,61.65999985,0.882837474,0.071936019,0.782946467,0.807783842,0.358326375,0.722774804,Asia,24.5,31.3,205.572,4.85,87,36,22.8,88,87,0.05,2484,95.57,1,9.7,9,0,1,70
263,Moldova,1,2,2011,5.792262554,9.110836983,0.869413555,61.38000107,0.62802279,-0.082669236,0.956644356,0.553495347,0.284829497,0.238943219,Rest of Europe,14.5,16.8,186.748,8.21,96,92,26.7,96,93,0.41,2388,2.86,2.8,3,11.1,0,1,70.1
314,Philippines,1,2,2012,5.001965046,8.756409645,0.812921703,61.72000122,0.914499581,0.051978387,0.771167636,0.811441779,0.35112527,0.758208573,Asia,24.2,30.9,204.619,4.96,88,42,22.9,88,88,0.06,2611,97.21,1,9.7,9.1,0,1,70.1
175,Indonesia,1,2,2013,5.292237759,9.154512405,0.793760836,61.86000061,0.780690789,0.374977708,0.972668588,0.777257264,0.249146357,0.683505118,Asia,25,30,179.2695,0.09,85,76,22.8,92,85,0.18,3104,251.81,1.5,1.3,7.8,0,1,70.2
419,Uzbekistan,0,3,2012,6.019331932,8.607551575,0.933141291,62.77999878,0.913550138,-0.042036925,0.463375092,0.650409043,0.118176885,,Asia,21.7,24.4,147.7405,1.95,99,99,26.3,99,99,0.14,2355,29.77,3,3.1,11.1,0,1,70.2
392,Ukraine,0,2,2010,5.057561398,9.374014854,0.883555114,62.20000076,0.483833194,-0.189893872,0.953752279,0.472101361,0.227200434,0.263286889,Rest of Europe,10.1,11.7,213.7115,7.77,48,41,26.3,57,52,0.28,2315,45.87,2.4,2.5,11.3,0,1,70.3
315,Philippines,1,2,2013,4.976925373,8.804812431,0.846413136,61.77999878,0.907458425,0.020415673,0.756388545,0.795774877,0.331957966,0.751474738,Asia,23.9,30.5,202.9915,4.61,89,54,22.9,85,89,0.07,2740,98.87,1,9.7,9.1,0,1,70.3
33,Bangladesh,1,3,2011,4.985649109,8.017951012,0.606459022,61.72000122,0.83799535,-0.069296263,0.757002652,0.501307309,0.234981537,0.786452591,Asia,37.2,46.7,139.3125,0,96,71,21.2,96,96,0.01,1024,149.27,18.7,19.2,5.1,0,1,70.3
36,Belarus,0,2,2009,5.56413126,9.681225777,0.907777846,61.74000168,0.679292619,-0.204532266,0.67554307,0.544300735,0.223291501,0.548332989,Rest of Europe,4.6,6.1,221.6415,13.98,98,99,26.3,98,96,0.21,5204,9.5,2.1,2.2,11.9,0,1,70.4
37,Belarus,0,2,2010,5.525923252,9.758502007,0.918000162,62.29999924,0.700064421,-0.164210439,0.70612061,0.531847715,0.208272159,0.589527249,Rest of Europe,4.3,5.6,223.1685,14.43,96,99,26.3,99,98,0.22,5622,9.48,2,2.2,12,0,1,70.4
420,Uzbekistan,0,3,2013,5.939986229,8.662359238,0.962780654,63.02000046,0.949539959,-0.038563233,0.433931798,0.686188698,0.130197287,,Asia,20,22.5,145.432,1.95,99,99,26.4,99,99,0.14,2487,30.24,3,3.1,11.3,0,1,70.4
38,Belarus,0,2,2011,5.225307941,9.813235283,0.909887791,62.86000061,0.656010866,-0.169665605,0.671938658,0.493381172,0.249455392,,Rest of Europe,3.9,5.2,225.4045,14.5,98,99,26.4,98,98,0.23,5938,9.46,2,2.1,12,0,1,70.6
210,Kazakhstan,0,2,2013,5.835483074,10.07410812,0.889009714,62.20000076,0.781591058,-0.231099337,0.819989383,0.629011273,0.164444029,0.662005246,Asia,13,14.6,205.077,3.8,99,99,26.2,98,98,0.13,10264,17.04,2.4,2.5,11.6,0,1,70.6
21,Azerbaijan,1,2,2009,4.573725224,9.515311241,0.735970318,61.41999817,0.498138398,-0.086927414,0.753849745,0.522001684,0.233942479,0.77425164,Asia,34.7,39.9,137.841,1.92,74,83,26.3,84,81,0.1,5024,8.95,2.8,2.9,10.7,0,1,70.6
264,Moldova,1,2,2012,5.995712757,9.105052948,0.826219797,61.75999832,0.602418542,-0.050523143,0.955484569,0.563796163,0.313725889,0.21462217,Rest of Europe,14.2,16.5,176.378,8.3,94,92,26.8,92,92,0.39,2374,2.86,2.7,2.9,11.4,0,1,70.6
34,Bangladesh,1,3,2012,4.724443913,8.069586754,0.581765294,62.24000168,0.66768229,-0.034359492,0.764894426,0.537134707,0.183245391,0.705811918,Asia,35.6,44.4,137.2305,0,94,41,21.3,94,94,0.01,1078,151.01,18.5,19,5.1,0,1,70.6
393,Ukraine,0,2,2011,5.083132744,9.430825233,0.859458685,62.52000046,0.57866931,-0.228899032,0.932535291,0.538531721,0.21964775,0.236262515,Rest of Europe,9.6,11.2,203.8,8.74,21,56,26.3,54,50,0.26,2450,45.71,2.4,2.5,11.3,0,1,70.8
394,Ukraine,0,2,2012,5.030342102,9.435678482,0.897573471,62.84000015,0.563649774,-0.224404335,0.896237016,0.508998454,0.192819074,0.236936122,Rest of Europe,9.2,10.7,203.7885,8.54,46,54,26.4,72,76,0.26,2460,45.59,2.4,2.4,11.3,0,1,70.9
22,Azerbaijan,1,2,2010,4.218610764,9.552669525,0.68700099,61.70000076,0.501071095,-0.123460375,0.858346641,0.516271651,0.271873325,0.697391331,Asia,32.5,37.3,135.9235,0.99,80,89,26.4,85,81,0.09,5215,9.05,2.8,2.9,10.7,0,1,70.9
35,Bangladesh,1,3,2013,4.660161018,8.116424561,0.530139685,62.75999832,0.741518021,-0.015594437,0.742774189,0.491930902,0.246052667,0.736026943,Asia,34,42.2,134.7385,0,96,82,21.4,96,96,0.01,1130,152.76,18.3,18.8,5.1,0,1,70.9
121,El Salvador,1,2,2009,6.839087009,8.882964134,0.734112799,64.58000183,0.670932412,-0.104222387,0.647527635,0.841431558,0.243230954,0.585728705,Central America and Caribbean,17.4,20.4,198.1225,2.48,91,82,27,91,91,0.24,3280,6.16,1.7,1.6,6.5,0,1,71
265,Moldova,1,2,2013,5.75605917,9.191901207,0.802882969,62.13999939,0.657734275,-0.06980139,0.940632403,0.547656298,0.260602951,0.1450174,Rest of Europe,14,16.3,174.6775,8.48,91,92,26.8,92,90,0.37,2589,2.86,2.7,2.9,11.6,0,1,71
151,Guatemala,1,2,2009,6.451916218,8.890479088,0.833815634,59.81999969,0.643478751,0.195775762,0.754889369,0.813852191,0.239741579,0.339307934,Central America and Caribbean,29.7,36.3,181.3355,2.03,92,83,25.9,92,92,0.09,3570,14,1.3,1.3,4.6,0,1,71.1
395,Ukraine,0,2,2013,4.710802555,9.437688828,0.896510422,63.15999985,0.568715692,-0.217579514,0.937324286,0.571862519,0.224595502,0.189184397,Rest of Europe,8.8,10.2,201.674,8.73,46,54,26.4,72,76,0.24,2466,45.49,2.3,2.4,11.3,0,1,71.2
23,Azerbaijan,1,2,2011,4.680469513,9.540638924,0.725193918,61.97999954,0.537484288,-0.105962902,0.795119047,0.521693528,0.258117318,0.741815805,Asia,30.5,34.9,134.006,0.6,84,92,26.5,91,87,0.08,5153,9.17,2.8,2.9,10.7,0,1,71.2
122,El Salvador,1,2,2010,6.739911079,8.89956665,0.756653905,64.40000153,0.669337869,-0.064658858,0.694180071,0.822752953,0.302185982,0.522518575,Central America and Caribbean,16.6,19.4,195.439,2.3,89,78,27.1,89,89,0.22,3335,6.18,1.7,1.6,7.1,0,1,71.2
131,Georgia,1,2,2009,3.800639153,9.115746498,0.54351306,63.59999847,0.495314002,-0.233547449,0.534585297,0.391252249,0.242350146,0.426240921,Rest of Europe,13.9,15.6,174.0635,6.26,54,71,26.7,93,88,0.12,2897,3.81,2.6,2.8,12.2,0,1,71.2
123,El Salvador,1,2,2011,4.741294861,8.932720184,0.731277883,64.22000122,0.747246385,-0.12717852,0.706552804,0.830042779,0.336321533,0.490076542,Central America and Caribbean,15.8,18.5,192.7545,2.31,89,81,27.2,90,89,0.21,3447,6.21,1.7,1.6,6.5,0,1,71.4
24,Azerbaijan,1,2,2012,4.910771847,9.548772812,0.761873245,62.25999832,0.598859072,-0.141354471,0.763154805,0.523312867,0.266093403,0.707989275,Asia,28.5,32.5,132.0885,0.52,88,95,26.6,92,89,0.07,5195,9.3,2.8,2.8,10.7,0,1,71.5
132,Georgia,1,2,2010,4.101837158,9.183660507,0.540388942,63.70000076,0.557857931,-0.248665944,0.459736317,0.401716352,0.242536306,0.616302013,Rest of Europe,12.7,14.2,170.768,7.72,95,84,26.8,88,92,0.12,3101,3.79,2.6,2.8,12.2,0,1,71.5
152,Guatemala,1,2,2010,6.289748669,8.900547028,0.859052479,60.09999847,0.695862949,0.165445715,0.794835389,0.804730654,0.235617921,0.340046316,Central America and Caribbean,28.6,34.8,177.598,2.03,94,83,26,94,94,0.08,3606,14.26,1.3,1.3,4.9,0,1,71.5
124,El Salvador,1,2,2012,5.934371471,8.956090927,0.806014717,64.04000092,0.682744801,-0.155679062,0.786294818,0.783695877,0.365220815,0.312310934,Central America and Caribbean,15.1,17.6,190.07,2.41,92,95,27.3,93,92,0.2,3529,6.24,1.6,1.6,6.7,0,1,71.7
25,Azerbaijan,1,2,2013,5.481178284,9.592310905,0.769690156,62.54000092,0.671956956,-0.169202864,0.698819578,0.516089082,0.242455453,0.748923719,Asia,26.7,30.3,129.6915,0.52,93,98,26.7,96,93,0.06,5426,9.42,2.8,2.8,10.8,0,1,71.8
111,Dominican Republic,1,2,2009,5.431613922,9.38801384,0.87816149,64.63999939,0.862979472,-0.054087419,0.805910408,0.708645999,0.279788464,0.409594834,Central America and Caribbean,29,35.3,171.2385,5.63,80,83,25.8,85,82,0.55,5393,9.58,3.4,3.3,7.2,0,1,71.8
133,Georgia,1,2,2011,4.203030586,9.263072014,0.502937376,63.79999924,0.632464528,-0.255989641,0.353346407,0.421274066,0.246770427,0.657343626,Rest of Europe,11.6,13,167.4725,8.29,89,77,27,88,94,0.13,3357,3.76,2.6,2.8,12.2,0,1,71.8
125,El Salvador,1,2,2013,6.325063229,8.973664284,0.826858878,63.86000061,0.71557045,-0.150477275,0.771750867,0.801007926,0.317476392,0.358650446,Central America and Caribbean,14.4,16.8,187.4335,2.35,92,85,27.4,92,92,0.19,3591,6.27,1.6,1.6,6.6,0,1,71.9
153,Guatemala,1,2,2011,5.743353844,8.923148155,0.768112421,60.38000107,0.762963116,0.008070762,0.863039374,0.791875601,0.289357901,0.355844259,Central America and Caribbean,27.6,33.4,173.86,2.05,88,83,26.1,88,88,0.05,3689,14.52,1.2,1.2,5.3,0,1,71.9
39,Belarus,0,2,2012,5.749043465,9.831532478,0.901961505,63.41999817,0.64524883,-0.219065383,0.657430232,0.515112579,0.180764526,,Rest of Europe,3.7,4.9,192.409,13.56,97,97,26.4,98,98,0.23,6048,9.45,2,2.1,12,0,1,72
112,Dominican Republic,1,2,2010,4.735021114,9.455828667,0.859969318,64.40000153,0.823902845,-0.076159604,0.779742122,0.706625521,0.281694859,0.450313658,Central America and Caribbean,28.9,35.1,169.4285,5.54,83,83,25.9,85,88,0.53,5772,9.7,3.3,3.3,7.3,0,1,72
134,Georgia,1,2,2012,4.254445553,9.332181931,0.532586455,63.90000153,0.65872401,-0.270159751,0.320887595,0.443486065,0.250087857,0.610841632,Rest of Europe,10.8,12.1,164.177,7.23,92,79,27.1,93,92,0.13,3597,3.73,2.6,2.8,12.5,0,1,72.1
154,Guatemala,1,2,2012,5.855717182,8.934686661,0.802148998,60.65999985,0.865472019,0.019449053,0.820923984,0.808444262,0.349404961,0.502455831,Central America and Caribbean,26.5,32,170.1225,1.91,96,83,26.2,94,96,0.04,3732,14.78,1.2,1.2,4.6,0,1,72.2
276,Nicaragua,1,3,2009,5.352804661,8.406784058,0.834688067,64.59999847,0.746065021,0.069943935,0.794486761,0.739845395,0.299064666,0.372536182,Central America and Caribbean,21.1,24.9,163.375,3.32,98,83,26.6,99,98,0.12,1630,5.75,1.9,1.8,5.9,0,1,72.2
113,Dominican Republic,1,2,2011,5.396535397,9.474574089,0.872086227,64.16000366,0.847975314,0.012624981,0.788254738,0.738086641,0.299839288,0.410130858,Central America and Caribbean,28.8,35,167.619,5.47,80,83,26,84,84,0.49,5881,9.81,3.3,3.2,7.4,0,1,72.3
135,Georgia,1,2,2013,4.348920822,9.370764732,0.559165776,64,0.722127616,-0.255295455,0.348713607,0.467081726,0.199907079,0.633562744,Rest of Europe,10.2,11.4,161.53,6.76,96,89,27.2,94,93,0.14,3739,3.72,2.7,2.8,12.6,0,1,72.4
277,Nicaragua,1,3,2010,5.68669939,8.436369896,0.86315155,64.69999695,0.791773319,0.017902365,0.801728904,0.749126315,0.268023372,0.403349727,Central America and Caribbean,20.3,23.9,160.5665,3.33,98,83,26.7,99,98,0.12,1679,5.82,1.9,1.8,6,0,1,72.4
40,Belarus,0,2,2013,5.876466274,9.841900826,0.922505975,63.97999954,0.723431289,-0.179298669,0.653039157,0.545432627,0.206219658,0.507824779,Rest of Europe,3.5,4.6,184.4715,12.58,98,99,26.5,98,98,0.23,6111,9.44,2,2,12,0,1,72.5
114,Dominican Republic,1,2,2012,4.753311157,9.489462852,0.879158199,63.91999817,0.840129375,-0.06307701,0.727300286,0.724792302,0.297043145,0.43158412,Central America and Caribbean,28.8,35,165.809,5.49,74,83,26.1,85,85,0.46,5969,9.93,3.3,3.2,7.5,0,1,72.5
301,Paraguay,1,2,2009,5.576147079,9.15939045,0.900353849,65.12000275,0.717870176,0.026241815,0.857340276,0.803005695,0.186126411,0.520752966,South America,22.6,26.9,153.271,6.06,85,77,25.9,82,85,0.15,4350,6.16,2.1,2,7,0,1,72.5
155,Guatemala,1,2,2013,5.984601498,8.953396797,0.829650402,60.93999863,0.88400501,0.044090118,0.816769838,0.822216988,0.33252427,0.467045605,Central America and Caribbean,25.6,30.7,168.019,1.83,85,83,26.3,83,85,0.03,3802,15.04,1.2,1.2,4.7,0,1,72.6
302,Paraguay,1,2,2010,5.841174126,9.251065254,0.889152765,65.19999695,0.726262391,0.075159416,0.779914618,0.82604146,0.175859466,0.479620606,South America,22,26.2,151.414,6.27,89,77,26,89,89,0.15,4767,6.25,2.1,2,7.7,0,1,72.7
278,Nicaragua,1,3,2011,5.385705471,8.484152794,0.800305128,64.80000305,0.778591037,-0.0199768,0.760242522,0.747022092,0.309018821,0.539968431,Central America and Caribbean,19.5,22.9,157.757,3.34,98,83,26.8,99,98,0.12,1761,5.9,1.8,1.8,6.1,0,1,72.7
115,Dominican Republic,1,2,2013,5.015515327,9.525321007,0.878449142,63.68000031,0.888566077,0.019281426,0.751750827,0.766323686,0.295131445,0.570757329,Central America and Caribbean,28.8,35,164.4115,5.41,80,83,26.2,82,83,0.43,6187,10.05,3.3,3.2,7.6,0,1,72.8
226,Lithuania,0,1,2009,5.466920853,10.04607391,0.932608962,64.09999847,0.495955795,-0.304801136,0.978800118,0.525221646,0.270837814,0.126142234,European Union,5.4,6.7,193.3095,12.97,95,94,26.3,98,98,0.08,10700,3.16,2.8,2.9,11.5,1,0,72.9
303,Paraguay,1,2,2011,5.677080631,9.279371262,0.869149685,65.27999878,0.665864289,0.189435244,0.755997002,0.823038757,0.190262824,0.367264926,South America,21.4,25.4,149.557,6.14,89,78,26.2,89,89,0.15,4904,6.33,2.1,2,7.8,0,1,72.9
279,Nicaragua,1,3,2012,5.448006153,8.533713341,0.894054413,64.90000153,0.850304902,0.016722474,0.643578768,0.761726439,0.254660487,0.573395669,Central America and Caribbean,18.7,22,154.948,3.6,98,83,26.9,99,98,0.11,1851,5.98,1.8,1.7,6.3,0,1,73
16,Armenia,1,2,2009,4.177581787,9.110783577,0.680006921,64.55999756,0.441412747,-0.215092748,0.881887496,0.479002982,0.411279917,0.37395224,Rest of Europe,17.2,19.2,139.3615,3.97,93,96,26,94,93,0.08,2884,2.89,2,2.1,11.1,0,1,73.1
156,Honduras,1,2,2009,6.033189297,8.47383976,0.823966086,62.5,0.661202788,0.118221872,0.856734335,0.744660378,0.261304349,0.287242413,Central America and Caribbean,20.6,24.4,155.5755,2.76,97,83,25.9,97,97,0.09,2086,8.15,2.3,2.2,5.2,0,1,73.1
304,Paraguay,1,2,2012,5.820058346,9.258541107,0.931004941,65.36000061,0.748206615,0.198541015,0.77365911,0.849250019,0.212838635,0.296063691,South America,20.8,24.6,147.7,5.8,87,75,26.3,89,87,0.14,4803,6.42,2,2,7.8,0,1,73.1
280,Nicaragua,1,3,2013,5.772274971,8.568533897,0.868216038,65,0.859149039,0.038711965,0.636246741,0.799891829,0.270609558,0.609894693,Central America and Caribbean,18,21.1,152.7925,3.55,98,83,27,99,98,0.11,1916,6.06,1.8,1.7,6.4,0,1,73.2
227,Lithuania,0,1,2010,5.065824986,10.08342171,0.881810606,64.30000305,0.519352257,-0.276631355,0.962167203,0.462606311,0.27202931,0.114503264,European Union,4.9,6,191.1515,13.22,94,95,26.3,95,95,0.08,11107,3.1,2.8,2.8,11.6,1,0,73.3
321,Romania,0,2,2009,5.367565155,9.952385902,0.812449574,65.22000122,0.60582763,-0.198227778,0.96679461,0.544521034,0.270051271,0.231964737,European Union,11.1,13.1,147.816,11.01,95,94,25.9,95,95,0.04,7889,20.37,3,3.3,10.6,1,0,73.3
17,Armenia,1,2,2010,4.367811203,9.136284828,0.660342336,64.80000305,0.459256709,-0.177155286,0.890629232,0.4367477,0.42649585,0.355544627,Rest of Europe,16.3,18.3,136.1865,4.23,94,97,26,96,94,0.08,2959,2.88,2,2.1,11.1,0,1,73.3
51,Brazil,1,2,2009,7.000831604,9.544113159,0.912818074,63.74000168,0.766716063,-0.056668513,0.722514987,0.743982553,0.274103165,0.427178532,South America,17.5,19.5,157.279,6.95,99,55,25.7,99,99,0.25,8169,193.89,3,2.9,6.8,0,1,73.3
157,Honduras,1,2,2010,5.866131306,8.490227699,0.802938998,62.29999924,0.645528495,0.105017968,0.81994009,0.745393693,0.259946257,0.302966446,Central America and Caribbean,19.8,23.3,153.912,2.69,97,83,26.1,97,97,0.08,2121,8.32,2.3,2.2,5.4,0,1,73.3
201,Jordan,1,2,2009,5.999859333,9.363092422,0.899033546,66.51999664,0.770953655,-0.077675059,0.739464462,0.587277114,0.264640778,,Middle East,17.6,20.7,116.897,0.56,98,90,28.5,98,98,0.13,4782,6.89,3.8,3.8,9.9,0,1,73.3
305,Paraguay,1,2,2013,5.936240673,9.324483871,0.938647211,65.44000244,0.908905864,0.044526916,0.902550995,0.873760998,0.223824456,0.372237712,South America,20.2,23.8,146.917,5.62,86,76,26.4,89,86,0.14,5130,6.51,2,1.9,8.3,0,1,73.3
202,Jordan,1,2,2010,5.569942474,9.333929062,0.917988896,66.69999695,0.788073123,-0.048828077,,0.564373434,0.343418747,,Middle East,17.2,20.1,115.693,0.46,98,95,28.5,98,98,0.13,4644,7.26,3.8,3.8,9.8,0,1,73.4
322,Romania,0,2,2010,4.909165859,9.918532372,0.689065635,65.40000153,0.565536737,-0.086676694,0.973686337,0.539418042,0.34447822,0.093852684,European Union,10.5,12.4,143.7705,10.01,98,93,26,94,94,0.04,7626,20.25,3,3.2,10.7,1,0,73.5
228,Lithuania,0,1,2011,5.43243742,10.16464233,0.911411285,64.5,0.565797269,-0.149748564,0.963511646,0.555819511,0.274636686,0.18108657,European Union,4.5,5.5,184.524,14.76,95,94,26.3,92,92,0.09,12047,3.03,2.7,2.8,11.8,1,0,73.6
18,Armenia,1,2,2011,4.260491371,9.182483673,0.705108464,65.04000092,0.464524716,-0.226533249,0.874601007,0.410856694,0.45907408,0.335884422,Rest of Europe,15.5,17.3,133.0115,4.07,95,98,26.1,96,95,0.08,3099,2.88,2,2.1,11.2,0,1,73.6
52,Brazil,1,2,2010,6.837331295,9.607316971,0.905528128,63.90000153,0.805949271,-0.055444442,0.656036079,0.725931287,0.249881223,0.511266649,South America,16.7,18.6,154.9275,7.16,96,53,25.8,99,99,0.25,8702,195.71,2.9,2.9,6.9,0,1,73.6
158,Honduras,1,2,2011,4.961031437,8.508435249,0.76570183,62.09999847,0.783369064,0.095057718,0.883963168,0.75679487,0.307470977,0.293331981,Central America and Caribbean,19.1,22.4,152.2485,2.71,97,83,26.2,97,97,0.08,2160,8.48,2.2,2.2,5.6,0,1,73.6
203,Jordan,1,2,2011,5.539327621,9.30714035,0.87791878,66.87999725,0.759564519,-0.145267352,,0.55093354,0.26032415,,Middle East,16.7,19.5,114.4895,0.38,98,95,28.6,98,98,0.13,4521,7.66,3.8,3.9,9.9,0,1,73.6
204,Jordan,1,2,2012,5.131996155,9.276904106,0.829496324,67.05999756,0.693142116,-0.16237922,,0.469228566,0.345336407,,Middle East,16.2,19,113.2855,0.36,98,96,28.7,98,98,0.13,4387,8.09,3.9,3.9,9.9,0,1,73.7
326,Saudi Arabia,0,1,2009,6.14759016,10.67289066,0.921288133,62,0.639405668,-0.112330168,0.44513157,0.682754934,0.319474906,,Middle East,11.2,13,96.094,0.088,98,98,28,98,98,0.13,18203,26.63,7.3,7.3,8.6,0,1,73.8
19,Armenia,1,2,2012,4.319711685,9.249335289,0.676446438,65.27999878,0.501863778,-0.216316044,0.892544389,0.469874054,0.463855445,0.285362303,Rest of Europe,14.7,16.4,129.837,3.89,95,97,26.1,96,95,0.08,3313,2.88,2,2.1,11.3,0,1,73.8
159,Honduras,1,2,2012,4.602218151,8.530200005,0.779194891,61.90000153,0.700452089,-0.003648479,0.871437132,0.79634434,0.293591261,0.26335296,Central America and Caribbean,18.4,21.5,150.585,2.71,97,83,26.3,98,97,0.07,2207,8.64,2.2,2.1,5.5,0,1,73.8
376,Thailand,1,2,2009,5.475645065,9.507368088,0.89324528,66.91999817,0.868223727,0.523619711,0.903822482,0.8082816,0.166086391,0.511181891,Asia,12.2,14.2,163.0875,6.74,98,91,23.7,99,99,0.25,4826,66.87,8.3,8.5,7.5,0,1,73.8
229,Lithuania,0,1,2012,5.771037102,10.21577263,0.918690145,64.69999695,0.503027141,-0.27510348,0.956959248,0.556552887,0.277385563,0.145729542,European Union,4.2,5.2,179.772,14.97,93,93,26.4,93,93,0.09,12679,2.99,2.7,2.7,11.7,1,0,73.9
230,Lithuania,0,1,2013,5.595689297,10.26077843,0.91251415,64.90000153,0.555815279,-0.238537952,0.936335504,0.539511204,0.293728739,0.384238273,European Union,4.1,5,178.7025,14.92,93,92,26.4,93,93,0.09,13262,2.96,2.7,2.7,11.9,1,0,73.9
327,Saudi Arabia,0,1,2010,6.307098389,10.69278049,0.87959832,62.20000076,0.677777231,-0.035103273,,0.645319223,0.297208935,,Middle East,10.5,12.3,94.533,0,98,98,28.1,98,98,0.13,18568,27.42,7.3,7.4,8.9,0,1,73.9
161,Hungary,0,2,2009,4.894600391,10.09282589,0.900874496,65.63999939,0.464373112,-0.126747891,0.914700747,0.575199783,0.227890417,0.199941784,European Union,5.2,6.2,163.682,11.52,88,99,26.7,99,99,0.08,11167,10.02,1.8,1.8,11.7,1,0,73.9
53,Brazil,1,2,2011,7.037816525,9.637131691,0.916252911,64.05999756,0.833655775,-0.07384111,0.662166715,0.698406935,0.267524213,0.502891362,South America,16,17.9,152.5765,7.13,98,71,26,98,99,0.25,8966,197.51,2.9,2.8,7.1,0,1,73.9
205,Jordan,1,2,2013,5.171952724,9.250994682,0.840379238,67.23999786,0.692227006,-0.118808784,,0.597289801,0.286033303,,Middle East,15.8,18.4,112.171,0.35,98,98,28.8,98,98,0.13,4275,8.52,3.9,3.9,9.9,0,1,73.9
336,Serbia,0,2,2009,4.380311966,9.57135582,0.770126104,65.55999756,0.372881293,-0.179316059,0.960977912,0.465632796,0.435473621,,Rest of Europe,6.7,7.8,130.945,9.78,93,87,25.7,97,95,0.02,5148,7.32,2.3,2.3,10.4,0,1,74
328,Saudi Arabia,0,1,2011,6.699789524,10.75767231,0.829633653,62.40000153,0.603455663,-0.144417733,,0.698994219,0.240139723,,Middle East,9.9,11.5,92.9715,0,98,97,28.1,98,98,0.13,19813,28.27,7.4,7.4,9.1,0,1,74.1
20,Armenia,1,2,2013,4.277191162,9.277183533,0.723260045,65.51999664,0.504081845,-0.196634799,0.899796784,0.502904475,0.449949831,0.260400474,Rest of Europe,14,15.6,128.387,3.92,95,97,26.2,96,95,0.08,3407,2.9,2.1,2.1,11.4,0,1,74.1
81,China,1,2,2009,4.454360962,8.995828629,0.79803437,66.44000244,0.771143258,-0.161358118,,0.669665992,0.16165024,,Asia,13.6,17,95.1415,4.88,99,98,23.1,99,99,0.1,5129,1331.26,4.4,3.8,7.1,0,1,74.1
160,Honduras,1,2,2013,4.713358402,8.53963089,0.791960239,61.70000076,0.698400378,-0.027667034,0.867699742,0.794984698,0.283281326,0.253187001,Central America and Caribbean,17.7,20.7,149.23,2.7,97,83,26.4,99,97,0.07,2228,8.8,2.2,2.1,5.8,0,1,74.1
306,Peru,1,2,2009,5.518846989,9.145059586,0.79869628,67.23999786,0.638375103,-0.080154046,0.880333722,0.757985055,0.320298076,0.174843535,South America,16.2,20.8,134.0135,5.04,93,42,25.9,92,93,0.16,4819,28.79,1.2,1.2,8.4,0,1,74.1
216,Kuwait,0,1,2009,6.585246086,11.06485939,0.926411927,69,0.818781018,0.003958656,0.675121784,0.694339871,0.251759946,,Middle East,9.2,10.7,71.642,0.1,99,94,29,99,99,0.13,34800,2.82,3.3,3.2,6.6,0,1,74.2
162,Hungary,0,2,2010,4.725132465,10.1058588,0.895693719,65.80000305,0.513835371,-0.1469879,0.98327601,0.574385524,0.234813049,0.251568109,European Union,5.1,6,156.927,10.7,88,99,26.8,99,99,0.08,11314,10,1.8,1.8,11.9,1,0,74.2
54,Brazil,1,2,2012,6.660003662,9.647226334,0.890314102,64.22000122,0.848606348,,0.622543156,0.685310841,0.349758685,0.458935678,South America,15.4,17.2,150.2245,7.12,96,70,26.1,96,95,0.24,9057,199.29,2.8,2.8,7.3,0,1,74.2
377,Thailand,1,2,2010,6.216702938,9.57491684,0.897651255,67.09999847,0.859636426,0.534634352,0.916693389,0.821447611,0.181523174,0.683404207,Asia,11.7,13.6,160.1755,6.19,98,91,23.8,99,99,0.23,5164,67.2,8.2,8.3,7.7,0,1,74.2
329,Saudi Arabia,0,1,2012,6.396359444,10.77946568,0.867100954,62.59999847,0.560455382,-0.122059062,,0.691676438,0.224840984,,Middle East,9.3,10.8,91.4105,0,98,98,28.2,98,98,0.13,20250,29.15,7.5,7.4,9.4,0,1,74.3
236,Malaysia,0,2,2009,5.384701729,9.87524128,0.791666389,65.31999969,0.874319792,-0.010368506,0.858095229,0.740035117,0.163549751,0.818658829,Asia,6.9,8.1,127.9145,0.5,96,95,24.9,97,97,0.18,7809,27.74,8.3,8.2,9.6,0,1,74.3
337,Serbia,0,2,2010,4.461304188,9.582659721,0.725563347,65.69999695,0.462647259,-0.171907663,0.96547246,0.445710063,0.415409207,,Rest of Europe,6.6,7.6,127.7695,8.87,89,91,25.8,91,91,0.02,5206,7.29,2.2,2.3,10.4,0,1,74.3
217,Kuwait,0,1,2010,6.798151016,10.98207378,0.892722309,69.19999695,0.703019738,-0.034147337,0.486111403,0.686744034,0.203395993,,Middle East,8.9,10.4,68.3055,0,99,99,29,98,98,0.13,32035,2.99,3.3,3.2,6.8,0,1,74.4
330,Saudi Arabia,0,1,2013,6.495132923,10.77579212,0.826695323,62.79999924,0.661042333,-0.083632588,,0.691165626,0.275550067,,Middle East,8.8,10.2,90.265,0,98,99,28.3,98,98,0.13,20176,30.05,7.6,7.5,9.5,0,1,74.4
286,North Macedonia,0,2,2009,4.428021908,9.480629921,0.734430969,64.81999969,0.552173734,-0.044544183,0.843915761,0.487668097,0.370053828,,Rest of Europe,9.7,11,108.3685,3.67,95,97,26.2,96,96,0.08,4208,2.05,2.3,2.4,8.9,0,1,74.4
323,Romania,0,2,2011,5.02275753,9.942332268,0.752606809,65.58000183,0.650402188,-0.141707927,0.964042604,0.500530779,0.294461548,0.116410844,European Union,10,11.8,139.7255,9.58,96,91,26.2,89,89,0.04,7810,20.15,2.9,3.1,10.8,1,0,74.4
324,Romania,0,2,2012,5.166874886,9.966984749,0.740043104,65.76000214,0.644536138,-0.113436006,0.959486127,0.519568145,0.342614621,0.236376286,European Union,9.5,11.2,135.6795,9.66,96,90,26.3,92,91,0.04,8005,20.06,2.8,3,10.9,1,0,74.4
82,China,1,2,2010,4.652736664,9.092073441,0.767752588,66.69999695,0.804793596,-0.134284899,,0.658100963,0.158099651,,Asia,12.5,15.8,92.937,5.75,99,99,23.2,99,99,0.1,5647,1337.71,4.2,3.6,7.3,0,1,74.4
307,Peru,1,2,2010,5.612785339,9.216964722,0.811914384,67.5,0.756706417,-0.061523955,0.880594134,0.744028509,0.330243468,0.192308694,South America,15.3,19.8,132.268,5.23,93,56,26,92,93,0.15,5178,29.03,1.1,1.1,8.4,0,1,74.4
237,Malaysia,0,2,2010,5.580281734,9.929952621,0.839095771,65.40000153,0.769190669,0.030644318,0.843691051,0.752467334,0.191947669,0.733622134,Asia,6.9,8.1,127.3235,0.52,96,95,25,96,96,0.17,8248,28.21,8.2,8,9.8,0,1,74.5
338,Serbia,0,2,2011,4.815186501,9.610713005,0.773210645,65.83999634,0.440458298,-0.186575055,0.976917386,0.458074152,0.410254955,,Rest of Europe,6.4,7.4,124.594,8.55,94,90,25.8,94,94,0.02,5354,7.23,2.2,2.2,10.6,0,1,74.5
55,Brazil,1,2,2013,7.140282631,9.668095589,0.910421729,64.37999725,0.784814954,-0.096215256,0.706954181,0.724736154,0.275667757,0.393331289,South America,14.9,16.7,148.2705,6.86,96,69,26.2,96,97,0.24,9248,201.04,2.8,2.7,7.4,0,1,74.5
218,Kuwait,0,1,2011,6.377699375,11.01678658,0.881911993,69.40000153,0.768603504,,0.560423911,0.72620672,0.176825136,,Middle East,8.5,10,64.969,0,99,99,29.1,99,99,0.13,33167,3.17,3.3,3.2,7,0,1,74.6
378,Thailand,1,2,2011,6.663609028,9.578482628,0.884350836,67.27999878,0.92688185,0.398804367,0.923195601,0.834183812,0.116675928,0.539867997,Asia,11.2,13,157.2635,6.61,98,91,23.9,99,99,0.22,5182,67.52,8.1,8.2,7.5,0,1,74.6
219,Kuwait,0,1,2012,6.221094608,11.02544117,0.888916671,69.59999847,0.934049547,,,0.794144511,0.095490493,,Middle East,8.2,9.6,61.6325,0,98,99,29.2,98,98,0.13,33455,3.35,3.4,3.3,7.2,0,1,74.7
238,Malaysia,0,2,2011,5.786367416,9.965957642,0.770422995,65.48000336,0.840359092,-0.018023714,0.841504574,0.785432994,0.154874966,0.785984397,Asia,6.8,8,126.7315,0.54,96,95,25.1,96,96,0.16,8550,28.65,8,7.8,10.1,0,1,74.7
83,China,1,2,2011,5.037207603,9.177826881,0.787171185,66.95999908,0.824162364,-0.187382281,,0.710054815,0.133503452,,Asia,11.5,14.6,90.7325,5.36,99,99,23.3,99,99,0.1,6153,1345.04,4.1,3.5,7.4,0,1,74.7
308,Peru,1,2,2011,5.892457485,9.270196915,0.756304562,67.76000214,0.772759497,-0.124476716,0.823664963,0.74246645,0.330921263,0.293339759,South America,14.6,18.8,130.5225,5.22,91,70,26.1,91,91,0.13,5461,29.26,1.1,1.1,9.1,0,1,74.7
421,Vietnam,1,2,2009,5.304264545,8.482665062,0.815026462,64.41999817,0.834133863,-0.062267762,0.837869763,0.480906844,0.189930111,0.863494039,Asia,18.5,23.2,132.423,1.97,94,65,20.9,97,96,0.18,1913,87.09,14.6,15.5,8,0,1,74.7
339,Serbia,0,2,2012,5.154521942,9.608726501,0.819430411,65.98000336,0.460574687,-0.132129163,0.951667845,0.447128445,0.371236444,0.223251179,Rest of Europe,6.2,7.1,121.4185,8.78,97,90,25.9,93,91,0.02,5344,7.2,2.1,2.1,10.5,0,1,74.8
422,Vietnam,1,2,2010,5.295780659,8.534917831,0.786611378,64.5,0.831494451,-0.006215793,0.74263674,0.670660913,0.215798423,0.850196421,Asia,18.3,22.9,131.235,2.26,88,65,21,94,93,0.17,2016,87.97,14.5,15.4,7.5,0,1,74.8
220,Kuwait,0,1,2013,6.480031013,10.98521423,0.861948133,69.80000305,0.750524879,,,0.686251163,0.282628983,,Middle East,7.9,9.2,60.4675,0,99,99,29.3,99,99,0.13,32136,3.53,3.4,3.3,6.7,0,1,74.9
163,Hungary,0,2,2011,4.917602539,10.12712288,0.893662214,65.95999908,0.631100118,-0.090984076,0.939908028,0.586092055,0.304519564,0.35979417,European Union,4.9,5.9,149.61,11.37,88,99,26.9,99,99,0.08,11557,9.97,1.7,1.7,12,1,0,74.9
239,Malaysia,0,2,2012,5.914283752,10.00478935,0.841218948,65.55999756,0.848071814,0.015306284,0.846618474,0.744375229,0.176881894,0.761775732,Asia,6.8,8,126.1405,0.55,97,99,25.3,97,97,0.16,8889,29.07,7.9,7.7,10.1,0,1,74.9
260,Mexico,0,2,2013,7.442546368,9.830936432,0.759138405,65.51999664,0.738716662,-0.166309223,0.614747047,0.749586701,0.22294873,0.395571351,North America,14.9,17.3,113.631,3.81,82,76,27.7,83,83,0.16,9283,118.83,1.6,1.5,8.4,0,1,74.9
289,North Macedonia,0,2,2012,4.639647484,9.527177811,0.798305035,65.05999756,0.613055706,-0.086802199,0.919845164,0.550912976,0.421751916,0.369646579,Rest of Europe,9,10.1,101.497,3.54,98,97,26.4,97,95,0.08,4408,2.06,2.2,2.2,9.3,0,1,74.9
381,Tunisia,0,2,2009,5.025470257,9.262184143,,66.22000122,0.781496286,-0.124317981,0.722210646,,,,Africa,16.2,18.9,99.6225,1.36,99,97,25.8,99,99,0.04,3881,10.53,6.3,6.3,6.4,0,1,74.9
116,Ecuador,1,2,2009,6.021803379,9.225117683,0.779397964,65.45999908,0.736880839,-0.109176196,0.774304509,0.795992076,0.255967915,0.535495281,South America,17,19.9,135.975,4.2,91,99,26.4,91,94,0.16,5225,14.77,1.3,1.2,7.9,0,1,74.9
423,Vietnam,1,2,2011,5.767344475,8.585229874,0.897655129,64.58000183,0.818404377,0.104498833,0.742161632,0.493658513,0.192669109,0.772131264,Asia,18.1,22.7,130.047,2.46,95,65,21.2,96,95,0.16,2123,88.87,14.4,15.2,7.6,0,1,74.9
258,Mexico,0,2,2011,6.909515381,9.808419228,0.824064076,65.23999786,0.831368089,-0.100942686,0.697580218,0.700016022,0.227555886,0.383446395,North America,15.9,18.5,116.3525,4,98,97,27.6,97,97,0.16,9076,115.7,1.6,1.6,8.4,0,1,75
259,Mexico,0,2,2012,7.320185184,9.8306427,0.767279446,65.37999725,0.787768304,-0.094449662,0.633281112,0.721975505,0.278110534,0.3614088,North America,15.4,17.9,115.0265,3.86,99,92,27.7,99,99,0.16,9280,117.27,1.6,1.5,8.6,0,1,75
287,North Macedonia,0,2,2010,4.180202007,9.511555672,0.68685478,64.90000153,0.513183951,-0.06096049,0.856452644,0.472753972,0.313819051,,Rest of Europe,9.2,10.4,106.0775,3.53,90,97,26.3,95,95,0.08,4340,2.06,2.3,2.3,9.1,0,1,75
382,Tunisia,0,2,2010,5.130520821,9.286338806,0.863187671,66.30000305,0.623592854,-0.140940055,0.732379258,0.696831405,0.248912811,0.903174698,Africa,15.8,18.4,98.3545,1.26,98,98,25.9,98,98,0.04,3955,10.64,6.3,6.3,6.7,0,1,75
84,China,1,2,2012,5.094917297,9.246742249,0.787818193,67.22000122,0.808255136,-0.185606092,,0.689159811,0.158702999,,Asia,10.6,13.5,88.5285,5.52,99,99,23.4,99,99,0.1,6592,1354.19,3.9,3.3,7.5,0,1,75
309,Peru,1,2,2012,5.824557304,9.321531296,0.764071584,68.01999664,0.703000546,-0.080573991,0.866837919,0.705466568,0.397958517,0.272202104,South America,13.9,17.9,128.7765,5.35,95,63,26.2,94,95,0.13,5749,29.51,1.1,1.1,8.6,0,1,75
379,Thailand,1,2,2012,6.300235271,9.643714905,0.906098127,67.45999908,0.846932828,0.378443688,0.908612072,0.732703328,0.137503058,0.702815235,Asia,10.6,12.4,154.351,7.1,98,91,24,99,99,0.2,5531,67.84,8,8.1,7.7,0,1,75
424,Vietnam,1,2,2012,5.53456974,8.625956535,0.775008678,64.66000366,0.856053472,-0.110822625,0.814884901,0.546053529,0.221355975,0.856453717,Asia,17.9,22.4,128.8585,2.57,97,65,21.3,97,97,0.14,2217,89.8,14.4,15,7.8,0,1,75
425,Vietnam,1,2,2013,5.022698879,8.668226242,0.75947696,64.73999786,0.91960746,-0.027623711,0.771245837,0.688877702,0.165225267,0.811746299,Asia,17.8,22.2,127.4215,2.68,59,65,21.5,93,59,0.13,2315,90.75,14.3,14.9,7.9,0,1,75
164,Hungary,0,2,2012,4.683358192,10.11962986,0.906113982,66.12000275,0.56923151,-0.138156757,0.930297315,0.581948757,0.315398008,0.209778264,European Union,4.8,5.7,142.5135,11.13,88,99,27,99,99,0.08,11470,9.92,1.7,1.7,12.2,1,0,75.1
240,Malaysia,0,2,2013,5.770199776,10.03696632,0.830900133,65.63999939,0.79131043,0.262273431,0.755383492,0.664112806,0.316551626,0.754481137,Asia,6.8,8,124.668,0.55,96,99,25.4,97,97,0.15,9179,29.47,7.8,7.6,10.1,0,1,75.1
256,Mexico,0,2,2009,6.962819099,9.750859261,0.868220747,64.95999908,0.682463408,-0.077390425,0.764225543,0.763129532,0.19607076,0.446137846,North America,17,19.9,119.005,4.37,95,92,27.5,95,95,0.16,8569,112.46,1.7,1.6,8.2,0,1,75.1
257,Mexico,0,2,2010,6.802388668,9.786392212,0.876389682,65.09999847,0.778120756,-0.049904257,0.692891896,0.745259702,0.215494677,0.37198627,North America,16.4,19.2,117.679,4.05,93,91,27.5,95,95,0.16,8879,114.09,1.6,1.6,8,0,1,75.1
266,Montenegro,0,2,2009,4.8010602,9.70186615,0.81598419,66.12000275,0.55636555,-0.103035189,0.838485658,0.533456802,0.422739923,,Rest of Europe,6.3,7.4,118.42,10.17,87,96,26,91,92,0.03,5834,0.62,2,2.1,11,0,1,75.1
288,North Macedonia,0,2,2011,4.898180008,9.53296566,0.784300089,64.98000336,0.607463241,-0.089687094,0.865062475,0.503090858,0.36275062,,Rest of Europe,8.8,10,103.787,3.52,96,97,26.4,97,96,0.08,4434,2.06,2.2,2.3,9.3,0,1,75.1
325,Romania,0,2,2013,5.081584454,10.00771427,0.777552068,65.94000244,0.654542148,-0.131343663,0.95184356,0.540932298,0.32861948,0.241623357,European Union,8.9,10.6,133.321,9.65,96,88,26.4,88,92,0.04,8338,19.98,2.7,2.9,10.9,1,0,75.1
11,Argentina,1,2,2009,6.424133301,9.976733208,0.918693185,66.18000031,0.63664645,-0.131533578,0.8847422,0.761589587,0.236901477,0.273821533,South America,13.3,14.9,125.542,8.34,94,96,27,97,94,0.14,12398,40.48,1,0.9,9.3,0,1,75.1
117,Ecuador,1,2,2010,5.838051319,9.243868828,0.839279711,65.80000305,0.723079085,-0.064340107,0.80563885,0.770916045,0.220013708,0.410000592,South America,16.3,19,133.788,3.97,90,91,26.5,88,91,0.16,5324,15.01,1.3,1.2,7.9,0,1,75.1
340,Serbia,0,2,2013,5.101840496,9.642108917,0.828068733,66.12000275,0.532839715,-0.10163562,0.908122003,0.504834771,0.403452963,0.340113223,Rest of Europe,5.9,6.9,119.055,7.94,91,82,25.9,97,95,0.02,5525,7.16,2.1,2.1,10.4,0,1,75.2
383,Tunisia,0,2,2011,4.87648201,9.259581566,0.714891434,66.37999725,0.603123665,-0.204654694,0.912656903,0.513189495,0.248196974,0.472290635,Africa,15.5,18,97.086,1.25,98,96,25.9,98,98,0.04,3836,10.74,6.4,6.3,6.9,0,1,75.2
86,Colombia,1,2,2009,6.271604538,9.340979576,0.885926604,66.98000336,0.757100701,-0.055250097,0.837143481,0.786378622,0.27313149,0.440458208,South America,16.2,18.9,149.414,4.24,92,71,25.6,92,92,0.2,4993,44.75,2.2,2,7.3,0,1,75.2
12,Argentina,1,2,2010,6.441067219,10.06566048,0.926798582,66.30000305,0.730258167,-0.127563998,0.854695439,0.765480459,0.210975498,0.351856142,South America,12.9,14.5,124.1055,8.15,94,94,27.1,95,94,0.14,13551,40.79,1,0.9,9.8,0,1,75.3
85,China,1,2,2013,5.241090298,9.314874649,0.777895868,67.48000336,0.804723918,-0.158646673,,0.717135847,0.14221105,,Asia,9.8,12.5,86.4435,5.62,99,99,23.5,99,99,0.1,7056,1363.24,3.8,3.2,7.5,0,1,75.3
118,Ecuador,1,2,2011,5.795088291,9.304221153,0.818051338,66.13999939,0.7883057,-0.156221107,0.701595664,0.805906117,0.27068767,0.593581021,South America,15.6,18.1,131.6005,3.99,88,92,26.6,85,88,0.16,5655,15.24,1.3,1.2,8,0,1,75.3
310,Peru,1,2,2013,5.782557487,9.369393349,0.796768486,68.27999878,0.703041255,-0.067341164,0.869899273,0.74146831,0.390038222,0.219155595,South America,13.3,17.1,127.208,5.27,88,54,26.3,71,88,0.12,6030,29.77,1.1,1.1,8.8,0,1,75.3
356,Sri Lanka,1,2,2009,4.212026596,9.048714638,0.829611897,63.72000122,0.798871219,0.305119783,0.689926445,0.660928369,0.172400951,0.916601896,Asia,13.9,21.3,122.485,2.05,97,97,22.4,97,97,0.02,2750,20.12,15.3,15.4,10.9,0,1,75.3
290,North Macedonia,0,2,2013,5.186190605,9.554561615,0.832253754,65.13999939,0.640952647,0.022232182,0.860541105,0.521264255,0.330875665,0.430279344,Rest of Europe,9.4,10.6,100.0635,3.61,97,97,26.5,98,98,0.08,4531,2.06,2.2,2.2,9.4,0,1,75.4
384,Tunisia,0,2,2012,4.463531017,9.288228989,0.614422798,66.45999908,0.567737222,-0.182123661,0.899453163,0.490396291,0.326999813,0.435219467,Africa,15.2,17.7,95.818,1.35,97,96,26,97,97,0.04,3959,10.85,6.4,6.3,6.8,0,1,75.4
13,Argentina,1,2,2011,6.775805473,10.11243629,0.889073491,66.41999817,0.815802038,-0.175919116,0.754645705,0.768942535,0.231855154,0.607537687,South America,12.4,13.9,122.669,7.69,91,91,27.2,93,91,0.14,14200,41.26,1,0.9,9.8,0,1,75.4
87,Colombia,1,2,2010,6.40811348,9.374438286,0.892992675,67.19999695,0.816121101,-0.05005087,0.814524472,0.791580796,0.264659166,0.551749408,South America,15.7,18.3,147.6795,4.22,88,74,25.7,88,88,0.21,5163,45.22,2.2,2,7.4,0,1,75.4
357,Sri Lanka,1,2,2010,3.976905107,9.118977547,0.814367235,64.19999695,0.738208532,0.25754267,0.769477904,0.70351088,0.163471773,0.807552159,Asia,9.8,11.4,120.153,2.31,99,99,22.5,99,99,0.01,2950,20.26,15.3,15.3,10.8,0,1,75.4
380,Thailand,1,2,2013,6.231024742,9.665697098,0.926377833,67.63999939,0.781081975,0.454790682,0.925430059,0.781871855,0.140830517,0.506152332,Asia,10.2,11.8,152.5305,6.89,99,94,24.1,99,99,0.19,5654,68.14,7.9,7.9,7.5,0,1,75.4
119,Ecuador,1,2,2012,5.960716248,9.344117165,0.785201013,66.48000336,0.825275123,-0.084973894,0.729978859,0.766601086,0.333309054,0.637234926,South America,14.9,17.3,129.413,3.92,88,81,26.7,85,87,0.15,5885,15.47,1.3,1.2,8.1,0,1,75.5
165,Hungary,0,2,2013,4.914466858,10.14028549,0.877318323,66.27999878,0.673728287,-0.114918686,0.911533177,0.646606326,0.306724131,0.327895939,European Union,4.7,5.6,133.9655,10.73,88,99,27,99,99,0.08,11710,9.89,1.7,1.7,12,1,0,75.6
385,Tunisia,0,2,2013,5.245604992,9.299713135,0.647967458,66.54000092,0.536287725,-0.212311119,0.886026919,0.434686065,0.23915638,0.320763677,Africa,15,17.5,94.3265,1.4,98,98,26.1,98,98,0.04,4016,10.95,6.4,6.3,6.8,0,1,75.6
14,Argentina,1,2,2012,6.468387127,10.09074974,0.901776373,66.54000092,0.747498393,-0.149514794,0.816546202,0.744064212,0.272219121,0.418255478,South America,11.9,13.3,121.2325,8,91,89,27.3,90,91,0.14,13896,41.73,1,0.9,9.8,0,1,75.6
358,Sri Lanka,1,2,2011,4.180569172,9.192952156,0.841938436,64.68000031,0.82263726,0.143791214,0.760300696,0.73049593,0.174926728,0.855967104,Asia,9.4,10.9,117.8205,3.03,99,99,22.6,99,99,0.01,3177,20.4,15.3,15.3,10.8,0,1,75.6
316,Poland,0,2,2009,5.772027493,10.04606915,0.916798174,66.91999817,0.820649087,0.071381621,0.897762001,0.649224102,0.245965257,0.284511507,European Union,5.5,6.3,135.045,10.17,98,95,26.1,96,99,0.08,10437,38.15,2.1,2.3,12.1,1,0,75.7
88,Colombia,1,2,2011,6.463952541,9.431926727,0.904147327,67.41999817,0.810907423,-0.074059807,0.847268522,0.784792185,0.285958856,0.445631891,South America,15.2,17.7,145.9445,4.3,85,76,25.8,85,85,0.22,5468,45.66,2.2,2,7.5,0,1,75.7
120,Ecuador,1,2,2013,6.019206047,9.377429008,0.801250935,66.81999969,0.78679812,-0.191786841,0.645848632,0.823896587,0.266504049,0.6208269,South America,14.3,16.6,127.577,3.78,87,70,26.9,87,87,0.16,6084,15.71,1.3,1.1,8.3,0,1,75.7
46,Bosnia and Herzegovina,0,2,2009,4.963477135,9.283216476,0.735232174,67,0.257533818,-0.025712101,0.958739877,0.506855667,0.390204102,,Rest of Europe,6.6,7.5,104.296,4.69,90,88,25.3,90,90,0.08,4028,3.74,2.7,2.7,7.7,0,1,75.8
15,Argentina,1,2,2013,6.582260132,10.1033268,0.909874201,66.66000366,0.737250388,-0.132035166,0.822900295,0.766156793,0.25420472,0.433749259,South America,11.3,12.7,119.885,8.27,94,83,27.4,90,94,0.14,14072,42.2,1,0.9,9.8,0,1,75.8
359,Sri Lanka,1,2,2012,4.224593163,9.279156685,0.824357271,65.16000366,0.800397217,0.159445927,0.822879076,0.761135697,0.196870834,0.777017355,Asia,8.9,10.4,115.4885,2.89,99,99,22.7,99,99,0.01,3463,20.43,15.3,15.2,10.9,0,1,75.8
26,Bahrain,0,1,2009,5.700523376,10.70905685,0.904143453,64.76000214,0.895931423,0.03495907,0.506103933,0.707422376,0.421889484,,Middle East,7.6,8.9,72.0995,1.95,98,99,25,97,98,0.05,21057,1.19,6,5.9,8.4,0,1,75.9
89,Colombia,1,2,2012,6.374879837,9.461303711,0.914372623,67.63999939,0.827868104,-0.010024542,0.868371546,0.828550577,0.293702394,0.357382864,South America,14.7,17.1,144.2095,4.37,92,80,25.9,91,91,0.21,5631,46.08,2.1,1.9,7.6,0,1,75.9
47,Bosnia and Herzegovina,0,2,2010,4.66851759,9.300024033,0.772753716,67,0.364966899,-0.128100336,0.933030069,0.46450606,0.409213185,,Rest of Europe,6.3,7.2,102.9815,4.57,89,91,25.4,90,89,0.08,4096,3.71,2.6,2.6,7.1,0,1,76
267,Montenegro,0,2,2010,5.455030441,9.727009773,0.804549336,66.19999695,0.552103698,-0.208038434,0.757207215,0.510351896,0.410302103,,Rest of Europe,5.7,6.7,114.563,9.94,90,97,26.1,93,94,0.03,5982,0.62,2,2,11.1,0,1,76
268,Montenegro,0,2,2011,5.223116875,9.757734299,0.817631543,66.27999878,0.546081364,-0.227756679,0.762383521,0.509750843,0.378120005,,Rest of Europe,5.1,6.1,110.706,9.02,91,97,26.1,95,95,0.03,6169,0.62,1.9,2,11.1,0,1,76
360,Sri Lanka,1,2,2013,4.364694118,9.304747581,0.809175253,65.63999939,0.834020317,0.267049938,0.842013538,0.775873661,0.20812951,0.750018179,Asia,8.4,9.8,113.3855,2.65,99,99,22.8,99,99,0.01,3553,20.59,15.2,15.1,10.9,0,1,76
27,Bahrain,0,1,2010,5.936869144,10.70548439,0.877115071,65,0.862002909,-0.003043235,0.714620173,0.641039014,0.422670722,,Middle East,7.3,8.5,71.212,1.96,99,98,25,99,99,0.05,20982,1.24,6,5.9,8.4,0,1,76.1
396,United Arab Emirates,0,1,2009,6.866062641,10.97463608,0.885089338,65.04000092,0.848821878,0.016304919,0.338876456,0.718198836,0.287074417,,Middle East,7.6,8.9,75.597,1.76,93,93,27.9,94,93,0.13,34580,7.92,5.1,4.9,9.7,0,1,76.1
90,Colombia,1,2,2013,6.606550694,9.502299309,0.900777876,67.86000061,0.841173172,-0.071502,0.898202121,0.814823985,0.278113931,0.292708308,South America,14.3,16.6,142.829,4.32,91,72,26,91,91,0.2,5867,46.5,2.1,1.9,7.8,0,1,76.1
28,Bahrain,0,1,2011,4.82397604,10.69551754,0.90786773,65.23999786,0.869870365,-0.053820446,0.582522452,0.505992472,0.513719201,,Middle East,7,8.2,70.3255,1.66,99,98,25,99,99,0.05,20774,1.28,6.1,6,8.6,0,1,76.2
6,Albania,0,2,2009,5.485469818,9.241250038,0.833046615,67.31999969,0.525223255,-0.157362878,0.863665402,0.564474463,0.279256523,,Rest of Europe,12.9,14.5,81.5235,5.79,98,98,26,98,98,0.03,3432,2.93,1.5,1.6,9.3,0,1,76.2
48,Bosnia and Herzegovina,0,2,2011,4.994670868,9.321601868,0.725242853,67,0.333312094,-0.034920838,0.924784362,0.551055074,0.325734705,,Rest of Europe,6,6.9,101.667,4.71,88,88,25.4,89,88,0.08,4185,3.66,2.6,2.5,7.2,0,1,76.2
96,Croatia,0,2,2009,5.433319569,10.11674881,0.860663235,67.18000031,0.549258351,-0.273520142,0.958130538,0.557369649,0.272170246,,European Union,4.9,5.7,103.109,11.11,97,98,26.6,96,96,0.02,11871,4.31,1.7,1.6,10.6,1,0,76.2
269,Montenegro,0,2,2012,5.218724251,9.729276657,0.704032779,66.36000061,0.46170637,-0.194115087,0.755059719,0.467812985,0.379281342,0.355399817,Rest of Europe,4.6,5.5,106.849,9.37,90,97,26.2,94,94,0.03,5996,0.62,1.9,1.9,11.2,0,1,76.2
317,Poland,0,2,2010,5.887029648,10.08564854,0.95506531,67.09999847,0.794900477,-0.000303453,0.904697299,0.685517788,0.234237015,0.333801061,European Union,5.1,6,129.3125,10.07,98,94,26.1,96,99,0.08,10859,38.04,2.1,2.2,12.2,1,0,76.2
29,Bahrain,0,1,2012,5.027186871,10.71521664,0.911349595,65.48000336,0.681822896,,0.437915266,0.559415758,0.380814761,,Middle East,6.8,8,69.438,1.72,99,99,24.9,99,99,0.05,21188,1.3,6.1,6,8.8,0,1,76.3
397,United Arab Emirates,0,1,2010,7.097455502,10.91366577,0.911762357,65.09999847,0.877750754,0.054068744,0.355115891,0.70074904,0.23301357,,Middle East,7.4,8.7,74.296,1.69,94,94,28,94,94,0.13,32535,8.55,5.1,4.9,9.9,0,1,76.3
49,Bosnia and Herzegovina,0,2,2012,4.773144722,9.328819275,0.778859854,67,0.419789314,-0.012839379,0.95342195,0.468601346,0.338240683,0.194952324,Rest of Europe,5.8,6.7,100.353,4.83,92,94,25.5,87,92,0.08,4216,3.6,2.5,2.5,8.3,0,1,76.4
30,Bahrain,0,1,2013,6.689711094,10.75642967,0.883780539,65.72000122,0.809205949,,0.524703264,0.711107612,0.306209415,,Middle East,6.7,7.8,68.52,1.65,99,99,24.9,99,99,0.05,22079,1.32,6.1,6,9,0,1,76.5
398,United Arab Emirates,0,1,2011,7.118701458,10.9352932,0.881368935,65.16000366,0.889463484,0.068592265,,0.701554298,0.215870038,,Middle East,7.2,8.4,72.9945,1.75,95,95,28.1,95,95,0.13,33246,8.95,5.1,4.9,10,0,1,76.5
97,Croatia,0,2,2010,5.595575333,10.10643101,0.796391606,67.30000305,0.564372659,-0.240100384,0.972738981,0.553552032,0.258886874,,European Union,4.7,5.5,101.45,10.71,97,98,26.7,97,97,0.02,11749,4.3,1.6,1.6,10.8,1,0,76.5
270,Montenegro,0,2,2013,5.074341774,9.763175011,0.735565186,66.44000244,0.502264977,-0.177637771,0.69337213,0.493074238,0.331081718,0.392235279,Rest of Europe,4.1,4.9,104.853,9.62,90,94,26.3,94,94,0.03,6203,0.62,1.8,1.9,11.2,0,1,76.5
7,Albania,0,2,2010,5.268936634,9.282613754,0.73315227,67.59999847,0.568958402,-0.171783119,0.726261675,0.576076567,0.300060242,,Rest of Europe,11.8,13.3,80.9365,4.88,99,98,26.1,99,99,0.03,3577,2.91,1.4,1.5,9.3,0,1,76.6
50,Bosnia and Herzegovina,0,2,2013,5.123664379,9.36950016,0.766827762,67,0.39034158,0.041542657,0.969836235,0.489300579,0.314516038,0.1134464,Rest of Europe,5.6,6.5,98.9245,4.69,91,93,25.5,87,89,0.08,4391,3.54,2.4,2.4,8.7,0,1,76.6
296,Panama,1,2,2009,7.033740044,9.929429054,0.905028522,67.33999634,0.721393645,0.012687565,0.889423907,0.839467406,0.144200027,0.602612615,Central America and Caribbean,17.5,20.5,122.8365,6.14,85,76,26.4,85,85,0.4,9840,3.58,2,1.9,9.3,0,1,76.6
411,Uruguay,1,2,2009,6.296222687,9.795257568,0.923861444,67.01999664,0.82504946,-0.126018703,0.543947875,0.722020388,0.254544437,0.655707836,South America,9.7,11.2,113.037,6.45,95,93,26.6,95,95,0.23,12496,3.35,1.5,1.5,8.4,0,1,76.6
399,United Arab Emirates,0,1,2012,7.217766762,10.95761395,0.855876803,65.22000122,0.919792593,,,0.719470143,0.223985344,,Middle East,7,8.2,71.693,1.78,96,96,28.1,96,96,0.13,33997,9.14,5.1,5,10.2,0,1,76.7
318,Poland,0,2,2011,5.646204948,10.13158989,0.904578626,67.27999878,0.868148923,-0.068704925,0.907953143,0.658624232,0.223810226,0.27237618,European Union,4.9,5.7,126.5725,10.24,98,95,26.2,96,99,0.08,11369,38.06,2,2.2,12.3,1,0,76.7
319,Poland,0,2,2012,5.87593174,10.14475441,0.935923874,67.45999908,0.811301708,-0.028189898,0.887895823,0.710892498,0.266746789,0.268628746,European Union,4.7,5.4,124.316,10.21,97,95,26.3,95,99,0.08,11520,38.06,2,2.1,11.7,1,0,76.7
98,Croatia,0,2,2011,5.385372639,10.10903072,0.789738715,67.41999817,0.516932428,-0.200818419,0.976777494,0.55185771,0.272979707,,European Union,4.5,5.3,99.7905,11.01,97,98,26.8,96,96,0.02,11780,4.28,1.6,1.5,11,1,0,76.8
297,Panama,1,2,2010,7.3214674,9.968494415,0.92753309,67.5,0.754523695,-0.01030933,0.87982583,0.840976536,0.146368757,0.536404312,Central America and Caribbean,17,19.9,121.6565,6.1,94,73,26.5,95,94,0.4,10232,3.64,2,1.9,9.3,0,1,76.8
412,Uruguay,1,2,2010,6.062010765,9.867535591,0.893039763,67.09999847,0.832241356,-0.165847778,0.47137624,0.738478601,0.231179178,0.728630126,South America,9.3,10.7,111.704,5.99,95,92,26.7,95,95,0.24,13433,3.36,1.5,1.5,8.4,0,1,76.8
400,United Arab Emirates,0,1,2013,6.620951176,11.00076771,0.863715768,65.27999878,0.93597883,,,,0.29111284,,Middle East,6.8,8,70.6545,1.86,98,98,28.2,98,98,0.13,35496,9.2,5.2,5,10.3,0,1,76.9
8,Albania,0,2,2011,5.867421627,9.31043911,0.759433806,67.87999725,0.487496257,-0.204296395,0.877002597,0.565758884,0.256576508,,Rest of Europe,10.8,12.1,80.349,5.03,99,99,26.2,99,99,0.03,3678,2.91,1.4,1.5,9.3,0,1,76.9
99,Croatia,0,2,2012,6.027634621,10.08906746,0.775817871,67.54000092,0.541909754,-0.245456591,0.923860013,0.571653247,0.271040529,0.311118603,European Union,4.4,5.2,98.132,10.58,98,97,26.9,96,96,0.02,11547,4.27,1.5,1.5,11,1,0,76.9
413,Uruguay,1,2,2011,6.554047108,9.914999962,0.891282439,67.18000031,0.851441562,-0.087857969,0.556286037,0.702420473,0.252250046,0.631276906,South America,8.9,10.3,110.371,6.02,95,93,26.8,95,95,0.23,14086,3.37,1.5,1.5,8.4,0,1,76.9
320,Poland,0,2,2013,5.746131897,10.15655231,0.911934912,67.63999939,0.775931358,-0.138638377,0.915677428,0.674865067,0.241980955,0.163588136,European Union,4.5,5.2,119.573,10.8,96,93,26.4,95,99,0.08,11656,38.04,2,2.1,12.1,1,0,77
298,Panama,1,2,2011,7.24808073,10.05831623,0.876284182,67.66000366,0.829012871,0.007102657,0.839684486,0.852716744,0.179641321,0.461056739,Central America and Caribbean,16.5,19.3,120.477,6.16,87,81,26.5,91,87,0.4,11194,3.71,2,1.9,9.3,0,1,77
414,Uruguay,1,2,2012,6.449728489,9.946791649,0.864693701,67.26000214,0.870590031,0.05923273,0.615349591,0.691910923,0.214202747,0.584287286,South America,8.6,10,109.0375,6.55,95,93,26.9,95,95,0.24,14541,3.38,1.5,1.5,8.5,0,1,77
100,Croatia,0,2,2013,5.885462761,10.08821487,0.751262069,67.66000366,0.626699686,-0.207171649,0.936059833,0.554081142,0.284729958,0.257140577,European Union,4.3,5.1,95.4975,10.39,96,97,27,96,96,0.02,11537,4.26,1.5,1.5,11,1,0,77.1
415,Uruguay,1,2,2013,6.444464684,9.989032745,0.917279661,67.33999634,0.888278008,-0.051038645,0.585632265,0.742915869,0.253228515,0.524399817,South America,8.3,9.7,107.92,6.42,94,92,27,94,94,0.26,15168,3.39,1.5,1.4,8.5,0,1,77.1
299,Panama,1,2,2012,6.859835625,10.13445282,0.89739114,67.81999969,0.783182502,-0.003747593,0.795796633,0.83766222,0.206641346,0.361556232,Central America and Caribbean,16,18.7,119.297,6.21,85,72,26.6,87,85,0.4,12080,3.77,1.9,1.9,9.5,0,1,77.2
9,Albania,0,2,2012,5.510124207,9.326163292,0.784501791,68.16000366,0.601512134,-0.168579251,0.847675204,0.553473175,0.271393239,0.364893705,Rest of Europe,10,11.2,79.762,4.43,99,99,26.3,99,99,0.03,3736,2.9,1.3,1.4,9.6,0,1,77.3
300,Panama,1,2,2013,6.86648035,10.18416595,0.895719826,67.98000336,0.811337948,0.01633174,0.814464629,0.859786928,0.225745514,0.418275893,Central America and Caribbean,15.5,18.1,117.765,6.21,80,68,26.7,81,80,0.4,12695,3.84,1.9,1.9,9.7,0,1,77.4
10,Albania,0,2,2013,4.550647736,9.337965965,0.759476721,68.44000244,0.631830275,-0.126937956,0.862904966,0.54075098,0.338378578,0.338094711,Rest of Europe,9.3,10.4,78.243,4.28,99,99,26.4,99,99,0.03,3781,2.9,1.3,1.4,9.7,0,1,77.6
221,Lebanon,0,3,2009,5.205998898,9.830089569,0.736411929,65.33999634,0.664733827,0.069068171,0.937024593,0.471758723,0.401288748,0.371836841,Middle East,9.2,10.7,69.5575,1.53,81,75,27,76,81,0.03,8687,4.81,4.7,4.7,7.9,0,1,78.2
406,United States,2,1,2009,7.158032417,10.88555431,0.911793768,66.72000122,0.830683827,0.198148772,0.665393829,0.75276643,0.2616615,0.503047287,North America,6.4,7.5,107.0105,8.67,92,86,28.4,93,95,0.13,51996,306.77,0.7,0.6,13.2,1,0,78.4
222,Lebanon,0,3,2010,5.031899452,9.878139496,0.721424758,65.40000153,0.67763871,0.071231559,0.949062884,0.457453609,0.341205537,,Middle East,8.7,10.2,67.7015,1.37,81,73,27.1,77,81,0.03,9115,4.95,4.7,4.7,7.9,0,1,78.4
407,United States,2,1,2010,7.16361618,10.90257263,0.926158726,66.69999695,0.828044355,0.241412714,0.689582586,0.776060641,0.231052637,0.418275833,North America,6.2,7.3,104.5215,8.56,92,86,28.5,93,95,0.13,52963,309.33,0.7,0.6,13.2,1,0,78.5
223,Lebanon,0,3,2011,5.187571526,9.837735176,0.732914627,65.45999908,0.657106042,0.004141064,0.910560846,0.506424606,0.320167035,,Middle East,8.3,9.7,65.846,1.3,81,70,27.2,79,81,0.03,8754,5.2,4.7,4.7,8,0,1,78.5
106,Denmark,1,1,2009,7.683358669,10.82205677,0.93889159,69.18000031,0.949335575,0.261128634,0.205769762,0.781798959,0.233584777,0.626578152,European Union,3.6,4.2,85.8135,10.08,88,85,25.3,89,89,0.04,50457,5.52,1.1,0.9,12.7,1,0,78.6
408,United States,2,1,2011,7.115138531,10.91069412,0.921705008,66.68000031,0.863202393,0.158172861,0.696925759,0.736950576,0.273378521,0.382531583,North America,6.1,7.2,105.032,8.66,91,86,28.6,94,96,0.13,53395,311.58,0.7,0.6,13.3,1,0,78.6
76,Chile,1,2,2009,6.493686199,9.918290138,0.831581831,68.31999969,0.746614039,0.145071879,0.734211445,0.755948484,0.299891174,0.575284302,South America,7.5,8.8,96.76,7.67,94,89,27.3,94,94,0.17,11200,16.89,0.8,0.9,9.9,0,1,78.6
91,Costa Rica,1,2,2009,7.614928722,9.691177368,0.899781644,69.04000092,0.886061072,0.060058363,0.786559105,0.839989483,0.217024222,0.521350086,Central America and Caribbean,9.3,10.7,92.9325,4.14,87,84,26.7,80,86,0.17,9838,4.52,1.9,1.8,8.4,0,1,78.6
224,Lebanon,0,3,2012,4.572566986,9.800305367,0.712611496,65.51999664,0.620627165,-0.007385006,0.855777562,0.442211181,0.338856846,,Middle East,8,9.3,63.99,1.24,81,68,27.3,80,81,0.04,8434,5.54,4.8,4.8,8.1,0,1,78.6
409,United States,2,1,2012,7.026226997,10.92560387,0.903192282,66.66000366,0.822662294,0.212177798,0.71003443,0.76451987,0.259643853,0.348855615,North America,6,7.1,104.536,8.85,90,86,28.6,93,94,0.13,54213,313.88,0.7,0.6,13.3,1,0,78.7
410,United States,2,1,2013,7.249285221,10.93692875,0.92539686,66.63999939,0.79225564,0.271387607,0.746894062,0.776115954,0.260328352,0.288647503,North America,6,7,104.681,8.81,91,86,28.7,93,94,0.12,54831,316.06,0.7,0.6,13.2,1,0,78.7
225,Lebanon,0,3,2013,4.983288765,9.772115707,0.708228052,65.58000183,0.654868305,-0.005477655,0.920827806,0.446394682,0.409337312,,Middle East,7.7,9,62.766,1.18,81,65,27.4,81,81,0.04,8201,5.91,4.8,4.8,8.3,0,1,78.7
77,Chile,1,2,2010,6.63565588,9.964698792,0.85695523,68.5,0.786367476,0.103650928,0.701824725,0.759538412,0.300116688,0.478705615,South America,7.4,8.7,95.6955,7.55,92,84,27.4,92,92,0.18,11733,17.06,0.8,0.9,9.8,0,1,78.8
92,Costa Rica,1,2,2010,7.271053791,9.730944633,0.915141284,69.19999695,0.881029606,0.041907232,0.762587249,0.826531351,0.221241251,0.532538593,Central America and Caribbean,9.2,10.5,92.078,3.74,89,79,26.8,93,88,0.18,10237,4.58,1.8,1.8,8.3,0,1,78.8
93,Costa Rica,1,2,2011,7.228888512,9.761935234,0.89204818,69.36000061,0.926105797,-0.038647857,0.836583257,0.793523431,0.26922521,0.322533011,Central America and Caribbean,8.9,10.2,91.2235,3.21,84,80,26.9,82,85,0.18,10559,4.63,1.8,1.7,8.4,0,1,78.9
341,Slovenia,0,1,2009,5.830160618,10.40584469,0.918696642,69.04000092,0.895956635,-0.020819264,0.803634167,0.583327055,0.303117454,0.368030965,European Union,2.8,3.4,88.8695,10.52,88,98,26,96,96,0.03,20428,2.04,1.7,1.7,12.1,1,0,79
78,Chile,1,2,2011,6.526334763,10.01403809,0.819078863,68.68000031,0.700734138,0.107430115,0.752755523,0.757600784,0.316876173,0.322867334,South America,7.3,8.5,94.631,7.02,94,77,27.5,93,94,0.18,12339,17.23,0.8,0.8,9.8,0,1,79
107,Denmark,1,1,2010,7.770515442,10.83615208,0.974977076,69.40000153,0.943630815,0.240007415,0.174896091,0.796208739,0.154562935,0.586689413,European Union,3.5,4.1,83.927,10.27,88,85,25.3,90,90,0.04,51173,5.55,1.1,0.9,12.7,1,0,79.1
94,Costa Rica,1,2,2012,7.272250175,9.797823906,0.902206898,69.51999664,0.92891407,0.040107884,0.794301391,0.836753607,0.263027132,0.280074805,Central America and Caribbean,8.6,9.9,90.369,3.17,91,95,27,90,91,0.18,10945,4.69,1.8,1.7,8.5,0,1,79.1
101,Cyprus,0,1,2009,6.833477497,10.56147385,0.811736107,70.63999939,0.774590671,0.051687378,0.801423609,0.668310106,0.329307944,0.563541174,European Union,3,3.5,58.8095,10.81,96,88,26.7,99,99,0.05,26182,1.1,0.9,1,11.3,1,0,79.2
79,Chile,1,2,2012,6.599128723,10.05622768,0.855235577,68.86000061,0.733610928,0.190923885,0.782117426,0.736138999,0.287592113,0.343267798,South America,7.2,8.4,93.5665,8.35,90,74,27.6,90,90,0.19,12973,17.4,0.8,0.8,9.9,0,1,79.2
95,Costa Rica,1,2,2013,7.158000469,9.81098938,0.902069271,69.68000031,0.897879303,0.012181036,0.812863111,0.808915198,0.278147429,0.26219371,Central America and Caribbean,8.2,9.6,88.8035,3.02,94,92,27.1,95,95,0.19,11090,4.74,1.7,1.7,8.5,0,1,79.2
80,Chile,1,2,2013,6.74015379,10.08609295,0.862404704,69.04000092,0.736887336,0.080535695,0.741154909,0.790639281,0.285453886,0.3072685,South America,7.1,8.3,92,7.23,90,78,27.7,90,91,0.19,13272,17.57,0.8,0.8,9.9,0,1,79.3
102,Cyprus,0,1,2010,6.386546135,10.55526829,0.822123706,70.80000305,0.755362809,0.06990739,0.833427012,0.699333131,0.295705855,0.452459902,European Union,2.8,3.4,57.4125,11.33,96,88,26.7,99,99,0.06,26020,1.11,0.9,1,11.5,1,0,79.4
342,Slovenia,0,1,2010,6.082555294,10.41483116,0.917203367,69.19999695,0.895522416,0.027355783,0.844790697,0.591895521,0.295366138,0.331916302,European Union,2.6,3.2,86.192,10.33,88,96,26.1,96,96,0.02,20613,2.05,1.6,1.6,12.1,1,0,79.4
103,Cyprus,0,1,2011,6.689608574,10.53376007,0.843654513,70.95999908,0.745468855,0.177029401,0.840676486,0.682390809,0.272299588,0.399997503,European Union,2.7,3.2,56.015,10.71,96,88,26.8,99,99,0.06,25466,1.12,0.9,1,11.6,1,0,79.6
104,Cyprus,0,1,2012,6.180507183,10.48344707,0.767177105,71.12000275,0.724629581,0.095494114,0.870691717,0.687085271,0.368632913,0.3364124,European Union,2.6,3.1,54.618,10.58,96,88,26.8,99,99,0.06,24217,1.14,0.9,1,11.8,1,0,79.8
108,Denmark,1,1,2011,7.78823185,10.84531403,0.961736143,69.62000275,0.934760153,0.295087457,0.220043078,0.777891874,0.174883381,0.471823335,European Union,3.4,4.1,78.101,10.45,88,86,25.3,91,91,0.04,51644,5.57,1.1,0.9,12.7,1,0,79.8
136,Germany,1,1,2009,6.64149332,10.71540546,0.934782326,69.98000336,0.843784511,0.124639109,0.689930737,0.684358895,0.206444725,0.519230902,European Union,3.5,4.3,78.907,11.23,88,93,26.3,95,96,0.08,36190,81.9,1.1,1.1,13.8,1,0,79.8
105,Cyprus,0,1,2013,5.438952446,10.41799545,0.744032085,71.27999878,0.656267941,0.09942323,0.867310464,0.656831086,0.420258701,0.274080217,European Union,2.5,3,53.6265,9.07,96,88,26.8,99,99,0.06,22682,1.14,0.9,1,12,1,0,80
343,Slovenia,0,1,2011,6.035964012,10.42133045,0.931166053,69.36000061,0.907440901,-0.027004661,0.893133819,0.587408543,0.285320938,0.181583047,European Union,2.5,3.1,81.406,10.61,88,96,26.2,96,96,0.02,20747,2.05,1.6,1.6,12.2,1,0,80
137,Germany,1,1,2010,6.724531174,10.75788689,0.939308643,70,0.842656434,0.09249673,0.688005984,0.697530389,0.182344139,0.395424008,European Union,3.5,4.2,77.604,11.58,88,93,26.3,94,95,0.03,37761,81.78,1.1,1.1,13.8,1,0,80
344,Slovenia,0,1,2012,6.062891006,10.39248085,0.924753785,69.51999664,0.904386282,-0.021534046,0.890754104,0.598477244,0.283989847,0.238065988,European Union,2.4,2.9,80.7685,10.95,88,96,26.2,96,96,0.02,20157,2.06,1.5,1.5,11.7,1,0,80.1
109,Denmark,1,1,2012,7.519909382,10.84381294,0.951437175,69.83999634,0.932627916,0.136318624,0.187407613,0.782715559,0.208569512,0.534252763,European Union,3.5,4.1,75.094,9.23,88,87,25.3,94,94,0.04,51567,5.59,1.1,0.9,12.8,1,0,80.1
401,United Kingdom,1,1,2009,6.90654707,10.63568592,0.964428782,69.33999634,0.816228807,0.339177281,0.558927298,0.739177883,0.231028661,0.384066552,Rest of Europe,4.6,5.4,76.195,9.98,88,86,26.9,93,93,0.08,41929,62.28,0.8,0.5,13.1,1,0,80.1
246,Malta,0,1,2009,6.32763958,10.35121059,0.91577214,70.22000122,0.803179801,0.460040301,,0.625680208,0.357874334,0.439478427,European Union,5.9,6.7,56.4985,7.1,86,85,27.1,73,73,0.08,19574,0.41,0.8,0.7,10.2,1,0,80.2
181,Ireland,1,1,2009,7.045911312,10.86545181,0.958702445,69.98000336,0.834729671,0.312667906,0.579600155,0.745341063,0.232698768,0.29256928,European Union,3.6,4.3,73.9955,10.93,95,86,27.1,94,94,0.07,45386,4.54,0.3,0.2,12.1,1,0,80.2
146,Greece,0,2,2009,6.038574696,10.48268509,0.793317616,69.91999817,0.443107843,-0.294750184,0.958768308,0.614257872,0.253589481,0.316206783,European Union,3.4,3.9,75.948,8.32,95,77,27,99,99,0.09,22839,11.11,0.8,0.7,10.1,1,0,80.2
345,Slovenia,0,1,2013,5.974888802,10.38077831,0.932119727,69.68000031,0.890059829,0.03384719,0.917839587,0.624565423,0.274269283,0.163433194,European Union,2.3,2.8,77.3625,9.53,88,95,26.3,95,95,0.02,19922,2.06,1.4,1.4,11.7,1,0,80.3
110,Denmark,1,1,2013,7.588606834,10.84893417,0.964707971,70.05999756,0.920254648,0.2123456,0.170042172,0.825601161,0.194673792,0.391405106,European Union,3.5,4.1,72.3825,9.44,88,86,25.3,94,94,0.04,51832,5.61,1.1,0.9,13.2,1,0,80.3
138,Germany,1,1,2011,6.621312141,10.81492519,0.947236657,70.01999664,0.906293273,0.030239167,0.677172124,0.685721278,0.165199533,0.424583137,European Union,3.4,4.1,75.779,11.33,88,93,26.4,94,95,0.03,39977,80.27,1.1,1.1,13.9,1,0,80.4
402,United Kingdom,1,1,2010,7.029364109,10.64893723,0.955068171,69.40000153,0.841306746,0.4007532,0.586813152,0.753458798,0.176342949,0.50351125,Rest of Europe,4.4,5.2,74.2785,10.01,88,86,27,94,94,0.08,42488,62.77,0.8,0.5,13.2,1,0,80.4
147,Greece,0,2,2010,5.839558601,10.42505169,0.868422449,70,0.484110981,-0.30452165,0.954113841,0.580756307,0.291516393,0.236502409,European Union,3.4,3.9,74.8405,8.33,95,77,27.1,99,99,0.1,21560,11.12,0.8,0.7,10.3,1,0,80.4
139,Germany,1,1,2012,6.702362061,10.81722355,0.926406622,70.04000092,0.904440463,0.068326421,0.67923671,0.699049354,0.169576168,0.516928196,European Union,3.4,4,73.3235,11.32,88,93,26.4,94,95,0.03,40069,80.43,1.1,1.1,14,1,0,80.5
140,Germany,1,1,2013,6.965125084,10.81886101,0.931420565,70.05999756,0.894312978,0.021607108,0.56579423,0.693133771,0.204995915,0.557760656,European Union,3.3,4,73.2135,11.08,88,93,26.5,93,95,0.03,40135,80.65,1.1,1.1,14,1,0,80.5
231,Luxembourg,0,1,2009,6.957920074,11.62830639,0.938559353,70.30000305,0.939101696,0.118924618,0.431606978,0.713410318,0.238021523,0.824018121,European Union,2.4,2.9,73.2125,11.98,95,86,26.1,96,99,0.09,104574,0.5,0.9,0.9,11.8,1,0,80.6
232,Luxembourg,0,1,2010,7.097251892,11.64696693,0.952371716,70.5,0.908303082,0.088541098,0.423341334,0.717743278,0.216064394,0.768445313,European Union,2.3,2.8,74.016,11.84,94,86,26.1,96,99,0.1,106544,0.51,0.9,0.9,11.8,1,0,80.6
149,Greece,0,2,2012,5.096354008,10.2514143,0.81214112,70.16000366,0.37261042,-0.305750698,0.958908975,0.544410706,0.351506293,0.126218989,European Union,3.5,4,72.6245,7.62,98,83,27.1,99,99,0.09,18124,11.05,0.8,0.7,10.3,1,0,80.6
248,Malta,0,1,2011,6.154718399,10.40067577,0.922639728,70.58000183,0.881921828,0.291502088,,0.637833834,0.339702874,0.492513239,European Union,5.8,6.6,54.9785,6.89,82,85,27.1,96,96,0.08,20566,0.42,0.8,0.7,10.5,1,0,80.7
249,Malta,0,1,2012,5.962872028,10.43203545,0.921752036,70.76000214,0.860689878,0.346900225,,0.638694704,0.390503973,0.498758078,European Union,5.8,6.6,54.218,7.18,93,91,27.1,99,99,0.08,21222,0.42,0.8,0.7,10.8,1,0,80.7
182,Ireland,1,1,2010,7.257389545,10.87740135,0.972885907,70.09999847,0.85602957,0.345456243,0.618024111,0.762811244,0.200655416,0.332579374,European Union,3.5,4.2,68.771,11.57,95,86,27.1,94,94,0.07,45932,4.56,0.3,0.2,12.2,1,0,80.7
183,Ireland,1,1,2011,7.006904125,10.8836689,0.977377594,70.22000122,0.952034354,0.380387187,0.589912653,0.786443889,0.19030945,0.529104173,European Union,3.5,4.1,68.994,11.49,95,86,27.2,95,95,0.07,46221,4.58,0.3,0.2,10.9,1,0,80.7
148,Greece,0,2,2011,5.372039795,10.31951046,0.85155499,70.08000183,0.528125942,-0.317181766,0.941152513,0.551990569,0.322790802,0.175151214,European Union,3.5,4,73.7325,7.48,95,77,27.1,99,99,0.1,19401,11.1,0.8,0.7,10.3,1,0,80.7
184,Ireland,1,1,2012,6.964645386,10.87890816,0.961785913,70.33999634,0.90219456,0.299391657,0.572632253,0.721398354,0.236661568,0.3458727,European Union,3.4,4,67.3805,11.38,95,86,27.2,95,95,0.07,46001,4.6,0.3,0.2,11.3,1,0,80.8
185,Ireland,1,1,2013,6.760085106,10.88623333,0.955188334,70.45999908,0.883772016,0.32861793,0.558394194,0.744001567,0.245267823,0.285015553,European Union,3.3,3.9,64.5655,10.51,95,86,27.3,96,96,0.07,46339,4.62,0.3,0.2,11.8,1,0,80.9
404,United Kingdom,1,1,2012,6.880784035,10.6632309,0.934574962,69.51999664,0.888970494,0.368919432,0.425169915,0.738626719,0.184244528,0.421262175,Rest of Europe,4.1,4.8,69.147,9.53,88,86,27,95,95,0.08,43100,63.7,0.8,0.5,12.9,1,0,80.9
233,Luxembourg,0,1,2011,7.101400375,11.63512897,0.934090614,70.69999695,0.961830735,0.099620216,0.3881706,0.743698657,0.200136617,0.770686686,European Union,2.3,2.8,66.33,11.74,95,86,26.1,96,99,0.1,105290,0.52,0.9,0.9,11.8,1,0,81
403,United Kingdom,1,1,2011,6.869248867,10.65559196,0.94871068,69.45999908,0.899774432,0.333674401,0.437595308,0.742470384,0.173908412,0.467890024,Rest of Europe,4.3,5,71.514,9.8,88,86,27,95,95,0.08,42772,63.26,0.8,0.5,13,1,0,81
405,United Kingdom,1,1,2013,6.918055058,10.67525673,0.936884105,69.58000183,0.905278027,0.344083041,0.568043172,0.71891278,0.252095789,0.379231632,Rest of Europe,4,4.7,69.542,9.42,88,86,27.1,95,95,0.08,43621,64.13,0.8,0.5,12.6,1,0,81
66,Canada,2,1,2009,7.48782444,10.69202709,0.94284451,70.73999786,0.915057838,0.244119033,0.412622124,0.793210924,0.247633159,0.608264029,North America,5,5.8,71.2685,8.4,42,84,26.8,93,91,0.1,40368,33.63,0.5,0.4,12.5,1,0,81
67,Canada,2,1,2010,7.650346279,10.71133614,0.953765452,70.80000305,0.933948815,0.22833468,0.412659585,0.791042447,0.233112857,0.551076472,North America,5,5.7,69.0295,8.4,56,85,26.8,90,89,0.1,41155,34,0.5,0.4,12.6,1,0,81.2
150,Greece,0,2,2013,4.720251083,10.23318386,0.686650038,70.23999786,0.425966531,-0.273400784,0.941309869,0.570836425,0.482183158,0.143608585,European Union,3.6,4.1,72.0015,7.55,98,83,27.1,99,99,0.08,17796,10.97,0.8,0.7,10.4,1,0,81.3
234,Luxembourg,0,1,2012,6.964097023,11.62747765,0.913907707,70.90000153,0.916520953,0.051006578,0.402753204,0.725599825,0.227411717,0.743670523,European Union,2.3,2.8,68.2955,11.67,94,86,26.2,99,99,0.1,104488,0.53,0.9,0.9,11.8,1,0,81.4
247,Malta,0,1,2010,5.77387476,10.4002533,0.9083215,70.40000153,0.802044392,0.281818688,,0.62371099,0.375302672,0.41225192,European Union,5.8,6.7,55.7385,6.99,75,85,27.1,76,76,0.08,20558,0.41,0.8,0.7,10.3,1,0,81.4
126,France,1,1,2009,6.283498287,10.63456821,0.918158531,71.09999847,0.798213184,-0.083970748,0.654168189,0.691047668,0.303366601,0.474448889,European Union,3.1,4.3,86.8955,12.66,51,67,25,98,98,0.1,35131,64.71,0.6,0.6,10.8,1,0,81.4
186,Israel,1,1,2009,7.352979183,10.39309216,0.936573029,71.31999969,0.592529774,0.171740651,0.922718406,0.620061755,0.326583624,0.404165804,Middle East,3.8,4.7,61.931,2.67,98,92,26.9,96,96,0.08,31323,7.49,1.2,1.1,12.6,1,0,81.4
361,Sweden,1,1,2009,7.265977383,10.72530842,0.902532995,71.16000366,0.864004612,0.219105303,0.292112172,0.761239767,0.151362836,0.590337634,European Union,2.6,3.1,60.608,7.31,59,95,25.7,98,98,0.08,46043,9.3,1.3,1.3,12.2,1,0,81.4
68,Canada,2,1,2011,7.426053524,10.7325325,0.921669245,70.86000061,0.950925291,0.251015067,0.432991534,0.802899837,0.247728661,0.553290546,North America,4.9,5.7,67.7935,8.2,70,85,26.8,87,87,0.1,42037,34.34,0.5,0.5,12.7,1,0,81.4
351,Spain,1,1,2009,6.198601246,10.53024578,0.92945385,70.87999725,0.748514712,-0.129516065,0.797704637,0.645007908,0.335877061,0.424362034,European Union,3.3,4,67.2055,9.99,96,90,26.2,96,96,0.09,25779,46.36,0.6,0.5,9.3,1,0,81.5
362,Sweden,1,1,2010,7.496018887,10.77460003,0.97024262,71.19999695,0.904699981,0.139915511,0.253086656,0.788177967,0.20011203,0.602851212,European Union,2.5,3.1,57.492,7.38,61,94,25.8,98,98,0.08,48370,9.38,1.3,1.3,12.3,1,0,81.5
187,Israel,1,1,2010,7.358916283,10.43011475,0.881829858,71.40000153,0.5614779,0.149871558,0.902182698,0.627862692,0.362394363,0.448931694,Middle East,3.7,4.6,60.016,2.78,97,93,26.9,95,95,0.08,32505,7.62,1.2,1.1,12.6,1,0,81.6
191,Italy,1,1,2009,6.333800316,10.64720726,0.880312502,71,0.700550497,0.238355577,0.889984667,0.715410948,0.279377729,0.399521708,European Union,3.4,4.1,59.186,7.25,96,83,25.7,96,96,0.08,31615,59.1,0.5,0.5,9.6,1,0,81.6
352,Spain,1,1,2010,6.188262463,10.52727032,0.949940383,71,0.796495557,-0.140172899,0.839746296,0.645088673,0.321819484,0.302731603,European Union,3.1,3.8,64.95,8.94,97,92,26.2,97,97,0.09,25703,46.58,0.6,0.5,9.4,1,0,81.6
69,Canada,2,1,2012,7.415144444,10.73914337,0.948128343,70.91999817,0.917961121,0.287870497,0.465601832,0.775568783,0.229332089,0.523448169,North America,4.9,5.6,67.445,8.3,70,83,26.9,91,95,0.1,42316,34.71,0.5,0.5,12.8,1,0,81.6
250,Malta,0,1,2013,6.379924774,10.47128296,0.942231417,70.94000244,0.909436285,0.404254526,,0.629010856,0.369558126,0.661522508,European Union,5.8,6.6,53.4165,7.32,94,88,27.1,99,99,0.08,22071,0.43,0.8,0.7,11,1,0,81.7
127,France,1,1,2010,6.797901154,10.64893436,0.942954779,71.19999695,0.849702179,-0.105601452,0.622954249,0.728971004,0.260568112,0.401466221,European Union,3.1,4.2,84.668,12.3,65,61,25.1,99,99,0.1,35640,65.03,0.6,0.6,10.9,1,0,81.7
188,Israel,1,1,2011,7.433147907,10.46557808,0.892696559,71.48000336,0.722269237,0.140300959,0.891295373,0.654481232,0.384475023,0.271090537,Middle East,3.5,4.4,59.725,2.81,98,87,27,94,94,0.08,33678,7.77,1.2,1.1,12.7,1,0,81.7
189,Israel,1,1,2012,7.110854626,10.47495556,0.903415501,71.55999756,0.681439221,0.151844844,0.862327278,0.611278474,0.319231451,0.343569756,Middle East,3.4,4.3,57.951,2.89,97,89,27,94,94,0.08,33995,7.91,1.2,1.1,12.8,1,0,81.7
364,Sweden,1,1,2012,7.560147762,10.78520393,0.929397464,71.27999878,0.944382191,0.130443409,0.253543109,0.795511067,0.170226127,0.626497209,European Union,2.4,3,55.8855,7.23,53,95,25.9,98,98,0.08,48886,9.52,1.4,1.3,12.4,1,0,81.7
70,Canada,2,1,2013,7.593793869,10.75160122,0.936239362,70.98000336,0.916013896,0.313492298,0.406236142,0.800634027,0.262850314,0.505976021,North America,4.8,5.5,66.0915,8.2,55,86,26.9,91,91,0.1,42846,35.08,0.5,0.5,12.9,1,0,81.7
235,Luxembourg,0,1,2013,7.130809307,11.63559151,0.916683257,71.09999847,0.789655447,-0.061582256,0.300811768,0.60076052,0.184799984,0.736690223,European Union,2.3,2.8,66.6085,11.25,94,86,26.2,99,99,0.1,105339,0.54,0.9,0.9,11.8,1,0,81.8
363,Sweden,1,1,2011,7.382232189,10.79850197,0.920521259,71.23999786,0.941115439,0.159968853,0.268513024,0.761534154,0.179151982,0.638707519,European Union,2.5,3,57.197,7.31,62,95,25.8,98,98,0.08,49540,9.45,1.4,1.3,12.4,1,0,81.8
129,France,1,1,2012,6.649365425,10.6640749,0.93709743,71.40000153,0.841320336,-0.151167959,0.607905269,0.705462158,0.252988011,0.44062534,European Union,3.1,4.1,80.3445,12.22,78,72,25,99,99,0.1,36183,65.66,0.6,0.6,11,1,0,82
192,Italy,1,1,2010,6.354238033,10.66111946,0.872384131,71.09999847,0.737738907,-0.061614886,0.921075165,0.535315871,0.235879943,0.333916396,European Union,3.4,4,56.6155,6.95,96,84,25.7,96,96,0.08,32058,59.28,0.5,0.5,9.7,1,0,82
365,Sweden,1,1,2013,7.434010506,10.78853893,0.915648043,71.31999969,0.935910523,0.157398179,0.324481547,0.781510413,0.184420303,0.579855025,European Union,2.4,2.9,55.5025,7.32,67,95,25.9,98,98,0.08,49049,9.6,1.4,1.3,12.2,1,0,82
128,France,1,1,2011,6.959185123,10.6657877,0.92128557,71.30000305,0.903366625,-0.104549602,0.626624525,0.718365848,0.280994773,0.375089258,European Union,3.1,4.2,82.572,12.35,74,67,25.1,99,99,0.1,36246,65.34,0.6,0.6,10.9,1,0,82.1
190,Israel,1,1,2013,7.320563316,10.50296116,0.908515871,71.63999939,0.739001632,0.148959547,0.848537862,0.648566186,0.408576161,0.451302052,Middle East,3.3,4.1,58.2,2.9,97,95,27.1,96,96,0.08,34961,8.06,1.2,1.1,12.8,1,0,82.1
130,France,1,1,2013,6.66712141,10.66467381,0.907690823,71.5,0.877795756,-0.126617715,0.699069381,0.741086423,0.204969689,0.395130515,European Union,3.1,4.1,77.9145,11.73,74,75,25,99,99,0.1,36205,66,0.6,0.6,11.2,1,0,82.2
193,Italy,1,1,2011,6.057086468,10.66644764,0.913309336,71.19999695,0.567738414,-0.019908598,0.933460951,0.610143721,0.265567929,0.259559691,European Union,3.3,3.9,56.2325,6.98,96,83,25.7,96,96,0.08,32229,59.38,0.5,0.5,9.8,1,0,82.2
194,Italy,1,1,2012,5.839313984,10.63348961,0.86948663,71.30000305,0.570094943,0.110765703,0.908323646,0.651434124,0.387652248,0.280694604,European Union,3.2,3.8,55.1645,7.48,96,83,25.7,96,97,0.07,31185,59.54,0.5,0.6,9.9,1,0,82.2
354,Spain,1,1,2012,6.290690422,10.48484993,0.937023342,71.23999786,0.754586101,-0.061566025,0.843593001,0.644379139,0.366474479,0.339146554,European Union,2.9,3.6,61.3175,8.6,96,90,26.1,96,97,0.09,24635,46.77,0.6,0.5,9.5,1,0,82.4
353,Spain,1,1,2011,6.518249035,10.51554012,0.944443703,71.12000275,0.818650901,-0.123917468,0.845543444,0.666956425,0.356101543,0.308662713,European Union,3,3.7,63.491,8.74,97,91,26.1,97,97,0.09,25403,46.74,0.6,0.5,9.5,1,0,82.5
198,Japan,1,1,2011,6.262793541,10.54927063,0.916703701,73.12000275,0.814396441,-0.055324662,0.733798981,0.713564217,0.181055471,0.231063634,Asia,2.3,3.2,64.2585,8.41,83,92,22.7,96,97,0.17,33011,127.83,1.9,1.6,11.8,1,0,82.6
195,Italy,1,1,2013,6.009373665,10.60331535,0.916296065,71.40000153,0.499168754,-0.104334898,0.942639291,0.701823175,0.356616199,0.145972148,European Union,3.1,3.7,53.267,7.35,96,84,25.6,96,96,0.07,30258,60.23,0.5,0.6,10.3,1,0,82.7
197,Japan,1,1,2010,6.056752682,10.54718113,0.901924908,73,0.771722376,-0.143666402,0.769557059,0.77921927,0.187703073,0.27027148,Asia,2.4,3.2,62.1335,8.28,83,97,22.7,98,97,0.17,32942,128.07,1.9,1.6,11.5,1,0,82.8
196,Japan,1,1,2009,5.844999313,10.50719833,0.888356864,72.87999725,0.729888022,-0.213364705,0.740108192,0.712758899,0.16947788,0.251777887,Asia,2.4,3.3,63.037,6.98,83,92,22.7,99,97,0.17,31651,128.05,1.8,1.6,11.4,1,0,82.9
199,Japan,1,1,2012,5.968216419,10.56452179,0.905295432,73.23999786,0.752831519,,0.692387402,0.708420038,0.17147471,0.169178054,Asia,2.2,3,58.395,8.5,83,92,22.7,99,97,0.17,33518,127.63,1.9,1.7,12,1,0,83.1
355,Spain,1,1,2013,6.150027275,10.4736681,0.928640485,71.36000061,0.759356439,-0.103578195,0.915822566,0.662719071,0.371839374,0.184549659,European Union,2.8,3.5,59.454,8.55,95,91,26,96,96,0.09,24361,46.62,0.6,0.5,9.5,1,0,83.1
200,Japan,1,1,2013,5.959361553,10.58581734,0.923688352,73.36000061,0.821416557,-0.150305957,0.650498211,0.718607485,0.174621537,0.358106881,Asia,2.1,2.9,57.102,8.65,83,93,22.7,99,96,0.17,34240,127.45,2,1.7,12.2,1,0,83.3
